file,date_time,date
1_2000_east_1_day_a.txt,2023-12-03T12:12:00Z,2023-12-03
1_2000_east_1_day_photo.txt,2023-12-03T12:16:06Z,2023-12-03
1_2000_east_1_day_redo_COPY_a.txt,2023-12-03T12:13:41Z,2023-12-03
1_2000_east_1_day_redo_a.txt,2023-12-03T12:13:41Z,2023-12-03
1_2000_east_1_day_resp.txt,2023-12-03T12:19:34Z,2023-12-03
1_2000_east_1_night_a.txt,2023-12-03T19:21:32Z,2023-12-03
1_2000_east_1_night_redo_resp.txt,2023-12-11T22:08:29Z,2023-12-11
1_2000_east_1_night_resp.txt,2023-12-03T19:24:46Z,2023-12-03
1_2000_east_1_resp_a.txt,2023-12-14T10:59:28Z,2023-12-14
1_2000_east_2_day_a.txt,2023-12-03T12:23:07Z,2023-12-03
1_2000_east_2_day_photo.txt,2023-12-03T12:25:53Z,2023-12-03
1_2000_east_2_day_redo_resp.txt,2023-12-03T12:48:25Z,2023-12-03
1_2000_east_2_day_resp.txt,2023-12-03T12:28:47Z,2023-12-03
1_2000_east_2_night_a.txt,2023-12-03T19:27:54Z,2023-12-03
1_2000_east_2_night_redo_resp.txt,2023-12-11T22:15:38Z,2023-12-11
1_2000_east_2_night_resp.txt,2023-12-03T19:30:02Z,2023-12-03
1_2000_east_3_day_a.txt,2023-12-03T12:33:03Z,2023-12-03
1_2000_east_3_day_photo.txt,2023-12-03T12:36:03Z,2023-12-03
1_2000_east_3_day_resp.txt,2023-12-03T12:38:48Z,2023-12-03
1_2000_east_3_night_a.txt,2023-12-03T19:32:59Z,2023-12-03
1_2000_east_3_night_resp.txt,2023-12-03T19:35:37Z,2023-12-03
1_2000_east_4_day_a.txt,2023-12-03T12:42:35Z,2023-12-03
1_2000_east_4_day_photo.txt,2023-12-03T12:45:13Z,2023-12-03
1_2000_east_4_day_resp.txt,2023-12-03T12:47:52Z,2023-12-03
1_2000_east_4_night_resp.txt,2023-12-11T22:25:31Z,2023-12-11
1_2000_east_5_day_a.txt,2023-12-03T12:52:33Z,2023-12-03
1_2000_east_5_day_photo.txt,2023-12-03T12:55:47Z,2023-12-03
1_2000_east_5_day_resp.txt,2023-12-14T11:35:20Z,2023-12-14
1_2000_east_5_night_a.txt,2023-12-11T22:28:58Z,2023-12-11
1_2000_east_5_night_resp.txt,2023-12-03T19:42:43Z,2023-12-03
1_2000_west_1_day_a.txt,2023-12-03T11:35:40Z,2023-12-03
1_2000_west_1_day_photo.txt,2023-12-03T11:38:34Z,2023-12-03
1_2000_west_1_day_redo2_resp.txt,2023-12-03T11:56:19Z,2023-12-03
1_2000_west_1_day_redo_resp.txt,2023-12-03T11:50:20Z,2023-12-03
1_2000_west_1_day_resp.txt,2023-12-14T10:40:19Z,2023-12-14
1_2000_west_1_night_a.txt,2023-12-03T18:41:42Z,2023-12-03
1_2000_west_1_night_resp.txt,2023-12-03T19:08:36Z,2023-12-03
1_2000_west_2_day_a.txt,2023-12-03T11:25:36Z,2023-12-03
1_2000_west_2_day_photo.txt,2023-12-03T11:28:18Z,2023-12-03
1_2000_west_2_day_redo_photo.txt,2023-12-14T10:27:02Z,2023-12-14
1_2000_west_2_day_resp.txt,2023-12-03T11:32:02Z,2023-12-03
1_2000_west_2_night_a.txt,2023-12-03T19:00:53Z,2023-12-03
1_2000_west_2_night_resp.txt,2023-12-03T19:03:08Z,2023-12-03
1_2000_west_3_day_a.txt,2023-12-03T11:13:29Z,2023-12-03
1_2000_west_3_day_photo.txt,2023-12-03T11:17:06Z,2023-12-03
1_2000_west_3_day_redo_photo.txt,2023-12-14T10:15:59Z,2023-12-14
1_2000_west_3_day_resp.txt,2023-12-03T11:21:19Z,2023-12-03
1_2000_west_3_night_a.txt,2023-12-03T18:55:21Z,2023-12-03
1_2000_west_3_night_resp.txt,2023-12-03T18:57:50Z,2023-12-03
1_2000_west_4_day_a.txt,2023-12-14T10:09:42Z,2023-12-14
1_2000_west_4_day_photo.txt,2023-12-03T11:04:48Z,2023-12-03
1_2000_west_4_day_redo_a.txt,2023-12-03T11:01:50Z,2023-12-03
1_2000_west_4_day_redo_photo.txt,2023-12-14T10:06:57Z,2023-12-14
1_2000_west_4_day_resp.txt,2023-12-03T11:08:28Z,2023-12-03
1_2000_west_4_night_a.txt,2023-12-03T18:49:31Z,2023-12-03
1_2000_west_4_night_resp.txt,2023-12-03T18:52:15Z,2023-12-03
1_2000_west_5_day_a.txt,2023-12-14T09:47:10Z,2023-12-14
1_2000_west_5_day_photo.txt,2023-12-14T09:49:56Z,2023-12-14
1_2000_west_5_day_redo_photo.txt,2023-12-14T09:53:17Z,2023-12-14
1_2000_west_5_day_resp.txt,2023-12-14T09:56:10Z,2023-12-14
1_2000_west_5_night_a.txt,2023-12-11T21:20:19Z,2023-12-11
1_2000_west_5_night_resp.txt,2023-12-03T18:44:15Z,2023-12-03
2_2200_east_1_day_a.txt,2023-12-05T09:19:56Z,2023-12-05
2_2200_east_1_day_photo.txt,2023-12-05T09:41:28Z,2023-12-05
2_2200_east_1_day_resp.txt,2023-12-05T09:22:26Z,2023-12-05
2_2200_east_1_night_a.txt,2023-12-09T21:18:02Z,2023-12-09
2_2200_east_1_night_redo_resp.txt,2023-12-09T21:27:51Z,2023-12-09
2_2200_east_1_night_resp.txt,2023-12-09T21:22:58Z,2023-12-09
2_2200_east_2_day_a.txt,2023-12-05T09:14:07Z,2023-12-05
2_2200_east_2_day_photo.txt,2023-12-05T09:10:48Z,2023-12-05
2_2200_east_2_day_resp.txt,2023-12-05T09:16:48Z,2023-12-05
2_2200_east_2_night_redo_resp.txt,2023-12-09T21:14:44Z,2023-12-09
2_2200_east_2_night_resp.txt,2023-12-09T21:11:28Z,2023-12-09
2_2200_east_3_day_a.txt,2023-12-05T09:29:51Z,2023-12-05
2_2200_east_3_day_photo.txt,2023-12-05T09:05:33Z,2023-12-05
2_2200_east_3_day_resp.txt,2023-12-05T09:27:24Z,2023-12-05
2_2200_east_3_night_a.txt,2023-12-09T21:05:25Z,2023-12-09
2_2200_east_3_night_resp.txt,2023-12-09T21:07:21Z,2023-12-09
2_2200_east_4_day_a.txt,2023-12-05T08:54:30Z,2023-12-05
2_2200_east_4_day_photo.txt,2023-12-05T09:02:18Z,2023-12-05
2_2200_east_4_day_resp.txt,2023-12-05T08:56:47Z,2023-12-05
2_2200_east_4_night_resp.txt,2023-12-09T21:02:21Z,2023-12-09
2_2200_east_5_day_a.txt,2023-12-05T08:37:49Z,2023-12-05
2_2200_east_5_day_photo.txt,2023-12-05T08:41:32Z,2023-12-05
2_2200_east_5_day_redo2_photo.txt,2023-12-05T09:53:05Z,2023-12-05
2_2200_east_5_day_redo_a.txt,2023-12-05T08:48:34Z,2023-12-05
2_2200_east_5_day_redo_photo.txt,2023-12-05T08:51:24Z,2023-12-05
2_2200_east_5_day_resp.txt,2023-12-05T08:45:15Z,2023-12-05
2_2200_east_5_night_a.txt,2023-12-09T20:56:21Z,2023-12-09
2_2200_east_5_night_resp.txt,2023-12-09T20:58:49Z,2023-12-09
2_2200_west_1_day_a.txt,2023-12-05T11:51:36Z,2023-12-05
2_2200_west_1_day_photo.txt,2023-12-05T11:43:58Z,2023-12-05
2_2200_west_1_day_redo_a.txt,2023-12-05T11:54:55Z,2023-12-05
2_2200_west_1_day_redo_photo.txt,2023-12-05T11:49:10Z,2023-12-05
2_2200_west_1_day_resp.txt,2023-12-05T11:46:20Z,2023-12-05
2_2200_west_1_night_a.txt,2023-12-09T22:06:29Z,2023-12-09
2_2200_west_1_night_resp.txt,2023-12-09T22:08:30Z,2023-12-09
2_2200_west_2_day_a.txt,2023-12-05T11:28:51Z,2023-12-05
2_2200_west_2_day_photo.txt,2023-12-05T11:40:55Z,2023-12-05
2_2200_west_2_day_resp.txt,2023-12-05T11:31:10Z,2023-12-05
2_2200_west_2_night_resp.txt,2023-12-09T22:02:04Z,2023-12-09
2_2200_west_3_day_a.txt,2023-12-05T11:57:48Z,2023-12-05
2_2200_west_3_day_photo.txt,2023-12-05T11:25:51Z,2023-12-05
2_2200_west_3_day_resp.txt,2023-12-05T12:00:10Z,2023-12-05
2_2200_west_3_night_a.txt,2023-12-09T21:52:39Z,2023-12-09
2_2200_west_3_night_resp.txt,2023-12-09T21:58:32Z,2023-12-09
2_2200_west_4_day_a.txt,2023-12-05T12:03:57Z,2023-12-05
2_2200_west_4_day_photo.txt,2023-12-05T11:22:36Z,2023-12-05
2_2200_west_4_day_resp.txt,2023-12-05T12:06:20Z,2023-12-05
2_2200_west_4_night_resp.txt,2023-12-09T21:49:19Z,2023-12-09
2_2200_west_5_day_a.txt,2023-12-05T12:09:43Z,2023-12-05
2_2200_west_5_day_photo.txt,2023-12-05T11:18:58Z,2023-12-05
2_2200_west_5_day_resp.txt,2023-12-05T12:12:18Z,2023-12-05
2_2200_west_5_night_a.txt,2023-12-09T21:42:38Z,2023-12-09
2_2200_west_5_night_resp.txt,2023-12-09T21:44:47Z,2023-12-09
3_2400_east_1_day_a.txt,2023-12-09T12:25:30Z,2023-12-09
3_2400_east_1_day_photo.txt,2023-12-09T11:30:10Z,2023-12-09
3_2400_east_1_day_redo_resp.txt,2023-12-09T12:35:28Z,2023-12-09
3_2400_east_1_day_resp.txt,2023-12-09T12:30:24Z,2023-12-09
3_2400_east_1_night_a.txt,2023-12-13T19:39:06Z,2023-12-13
3_2400_east_1_night_resp.txt,2023-12-13T19:41:48Z,2023-12-13
3_2400_east_2_day_a.txt,2023-12-09T12:18:20Z,2023-12-09
3_2400_east_2_day_redo_photo.txt,2023-12-09T11:39:26Z,2023-12-09
3_2400_east_2_day_resp.txt,2023-12-09T12:20:21Z,2023-12-09
3_2400_east_2_night_resp.txt,2023-12-13T19:47:01Z,2023-12-13
3_2400_east_3_day_a.txt,2023-12-09T12:12:14Z,2023-12-09
3_2400_east_3_day_photo.txt,2023-12-09T11:44:22Z,2023-12-09
3_2400_east_3_day_resp.txt,2023-12-09T12:14:36Z,2023-12-09
3_2400_east_3_night_a.txt,2023-12-13T19:51:03Z,2023-12-13
3_2400_east_3_night_resp(1).txt,2023-12-13T19:52:58Z,2023-12-13
3_2400_east_3_night_resp.txt,2023-12-13T19:53:18Z,2023-12-13
3_2400_east_4_day_a.txt,2023-12-09T11:48:59Z,2023-12-09
3_2400_east_4_day_photo.txt,2023-12-09T11:50:58Z,2023-12-09
3_2400_east_4_day_redo_resp.txt,2023-12-09T12:07:33Z,2023-12-09
3_2400_east_4_day_resp.txt,2023-12-09T12:02:11Z,2023-12-09
3_2400_east_4_night_resp.txt,2023-12-13T19:58:17Z,2023-12-13
3_2400_east_5_day_a.txt,2023-12-09T11:16:18Z,2023-12-09
3_2400_east_5_day_photo.txt,2023-12-09T11:56:58Z,2023-12-09
3_2400_east_5_day_resp.txt,2023-12-09T11:18:38Z,2023-12-09
3_2400_east_5_night_a.txt,2023-12-13T20:02:17Z,2023-12-13
3_2400_east_5_night_resp.txt,2023-12-13T20:04:24Z,2023-12-13
3_2400_west_1_day_a.txt,2023-12-09T13:28:58Z,2023-12-09
3_2400_west_1_day_photo.txt,2023-12-09T13:31:01Z,2023-12-09
3_2400_west_1_day_redo_photo.txt,2023-12-14T15:06:07Z,2023-12-14
3_2400_west_1_day_resp.txt,2023-12-09T13:39:10Z,2023-12-09
3_2400_west_2_day_a.txt,2023-12-09T13:46:19Z,2023-12-09
3_2400_west_2_day_photo.txt,2023-12-09T13:49:58Z,2023-12-09
3_2400_west_2_day_redo_photo.txt,2023-12-14T14:51:53Z,2023-12-14
3_2400_west_2_day_resp.txt,2023-12-09T13:54:08Z,2023-12-09
3_2400_west_3_day_a.txt,2023-12-09T13:58:43Z,2023-12-09
3_2400_west_3_day_photo.txt,2023-12-09T14:00:45Z,2023-12-09
3_2400_west_3_day_resp.txt,2023-12-09T14:55:10Z,2023-12-09
3_2400_west_4_day_a.txt,2023-12-09T14:59:39Z,2023-12-09
3_2400_west_4_day_photo.txt,2023-12-09T15:01:59Z,2023-12-09
3_2400_west_4_day_redo_resp.txt,2023-12-09T15:11:50Z,2023-12-09
3_2400_west_4_day_resp.txt,2023-12-09T15:05:51Z,2023-12-09
3_2400_west_5_day_a.txt,2023-12-09T15:16:58Z,2023-12-09
3_2400_west_5_day_photo.txt,2023-12-09T15:31:35Z,2023-12-09
3_2400_west_5_day_redo_photo.txt,2023-12-14T14:09:34Z,2023-12-14
3_2400_west_5_day_resp.txt,2023-12-09T15:36:25Z,2023-12-09
4_2600_east_1_day_a.txt,2023-12-08T11:49:16Z,2023-12-08
4_2600_east_1_day_photo.txt,2023-12-08T11:51:48Z,2023-12-08
4_2600_east_1_day_resp.txt,2023-12-08T11:55:07Z,2023-12-08
4_2600_east_1_night_a.txt,2023-12-16T20:57:51Z,2023-12-16
4_2600_east_1_night_resp.txt,2023-12-16T21:00:27Z,2023-12-16
4_2600_east_2_day_a.txt,2023-12-08T11:30:49Z,2023-12-08
4_2600_east_2_day_photo.txt,2023-12-08T11:39:10Z,2023-12-08
4_2600_east_2_day_redo2_photo.txt,2023-12-08T11:44:48Z,2023-12-08
4_2600_east_2_day_redo_photo.txt,2023-12-08T11:42:12Z,2023-12-08
4_2600_east_2_day_resp.txt,2023-12-08T11:34:10Z,2023-12-08
4_2600_east_2_night_resp.txt,2023-12-16T20:53:33Z,2023-12-16
4_2600_east_3_day_photo.txt,2023-12-08T11:23:15Z,2023-12-08
4_2600_east_3_day_redo_photo.txt,2023-12-08T11:26:14Z,2023-12-08
4_2600_east_3_day_resp.txt,2023-12-08T11:20:18Z,2023-12-08
4_2600_east_3_night_a.txt,2023-12-16T20:42:56Z,2023-12-16
4_2600_east_3_night_redo_resp.txt,2023-12-16T20:49:05Z,2023-12-16
4_2600_east_3_night_resp.txt,2023-12-16T20:45:22Z,2023-12-16
4_2600_east_4_day_a.txt,2023-12-08T11:13:17Z,2023-12-08
4_2600_east_4_day_photo.txt,2023-12-08T11:07:24Z,2023-12-08
4_2600_east_4_day_resp.txt,2023-12-08T11:10:32Z,2023-12-08
4_2600_east_4_night_resp.txt,2023-12-16T20:38:14Z,2023-12-16
4_2600_east_5_day_a.txt,2023-12-08T10:49:48Z,2023-12-08
4_2600_east_5_day_photo.txt,2023-12-08T10:52:53Z,2023-12-08
4_2600_east_5_day_redo_a.txt,2023-12-08T11:02:55Z,2023-12-08
4_2600_east_5_day_redo_photo.txt,2023-12-08T10:55:47Z,2023-12-08
4_2600_east_5_day_resp.txt,2023-12-08T10:59:12Z,2023-12-08
4_2600_east_5_night_a.txt,2023-12-16T20:28:40Z,2023-12-16
4_2600_east_5_night_redo_a.txt,2023-12-16T20:29:48Z,2023-12-16
4_2600_east_5_night_resp.txt,2023-12-16T20:32:37Z,2023-12-16
4_2600_west_1_day_a.txt,2023-12-08T09:51:35Z,2023-12-08
4_2600_west_1_day_photo.txt,2023-12-08T09:55:38Z,2023-12-08
4_2600_west_1_day_resp.txt,2023-12-08T09:59:20Z,2023-12-08
4_2600_west_1_night_a.txt,2023-12-16T19:56:50Z,2023-12-16
4_2600_west_1_night_resp.txt,2023-12-16T19:59:27Z,2023-12-16
4_2600_west_2_day_a.txt,2023-12-08T10:03:38Z,2023-12-08
4_2600_west_2_day_photo.txt,2023-12-08T10:06:01Z,2023-12-08
4_2600_west_2_day_resp.txt,2023-12-08T10:09:16Z,2023-12-08
4_2600_west_2_night_redo_resp.txt,2023-12-16T20:05:14Z,2023-12-16
4_2600_west_3_day_a.txt,2023-12-08T10:18:36Z,2023-12-08
4_2600_west_3_day_photo.txt,2023-12-08T10:15:58Z,2023-12-08
4_2600_west_3_day_resp.txt,2023-12-08T10:13:13Z,2023-12-08
4_2600_west_3_night_a.txt,2023-12-16T20:08:24Z,2023-12-16
4_2600_west_3_night_resp.txt,2023-12-16T20:10:49Z,2023-12-16
4_2600_west_4_day_a.txt,2023-12-08T10:21:52Z,2023-12-08
4_2600_west_4_day_photo.txt,2023-12-08T10:24:18Z,2023-12-08
4_2600_west_4_day_resp.txt,2023-12-08T10:27:22Z,2023-12-08
4_2600_west_4_night_resp.txt,2023-12-16T20:14:41Z,2023-12-16
4_2600_west_5_day_a.txt,2023-12-08T10:33:34Z,2023-12-08
4_2600_west_5_day_photo.txt,2023-12-08T10:31:03Z,2023-12-08
4_2600_west_5_day_resp.txt,2023-12-08T10:36:03Z,2023-12-08
4_2600_west_5_night_a.txt,2023-12-16T20:18:14Z,2023-12-16
4_2600_west_5_night_resp.txt,2023-12-16T20:20:31Z,2023-12-16
5_2800_east_1_day_a.txt,2023-12-08T14:31:18Z,2023-12-08
5_2800_east_1_day_photo.txt,2023-12-08T14:28:42Z,2023-12-08
5_2800_east_1_day_resp.txt,2023-12-08T14:33:28Z,2023-12-08
5_2800_east_1_night_a.txt,2023-12-08T20:03:37Z,2023-12-08
5_2800_east_1_night_redo_a.txt,2023-12-08T20:04:03Z,2023-12-08
5_2800_east_1_night_resp.txt,2023-12-08T20:06:37Z,2023-12-08
5_2800_east_2_day_a.txt,2023-12-08T14:19:49Z,2023-12-08
5_2800_east_2_day_photo.txt,2023-12-08T14:21:39Z,2023-12-08
5_2800_east_2_day_resp.txt,2023-12-08T14:24:38Z,2023-12-08
5_2800_east_2_night_resp.txt,2023-12-08T20:13:20Z,2023-12-08
5_2800_east_3_day_a.txt,2023-12-08T14:11:17Z,2023-12-08
5_2800_east_3_day_photo.txt,2023-12-08T14:13:09Z,2023-12-08
5_2800_east_3_day_resp.txt,2023-12-08T14:16:14Z,2023-12-08
5_2800_east_3_night_a.txt,2023-12-08T20:17:53Z,2023-12-08
5_2800_east_3_night_resp.txt,2023-12-08T20:20:10Z,2023-12-08
5_2800_east_4_day_a.txt,2023-12-08T14:03:03Z,2023-12-08
5_2800_east_4_day_photo.txt,2023-12-08T14:07:50Z,2023-12-08
5_2800_east_4_day_resp.txt,2023-12-08T14:05:09Z,2023-12-08
5_2800_east_4_night_resp.txt,2023-12-08T20:24:14Z,2023-12-08
5_2800_east_5_day_a.txt,2023-12-08T13:54:39Z,2023-12-08
5_2800_east_5_day_photo.txt,2023-12-08T13:51:58Z,2023-12-08
5_2800_east_5_day_redo_photo.txt,2023-12-08T13:56:48Z,2023-12-08
5_2800_east_5_day_resp.txt,2023-12-08T13:59:42Z,2023-12-08
5_2800_east_5_night_a.txt,2023-12-08T20:27:45Z,2023-12-08
5_2800_east_5_night_resp.txt,2023-12-08T20:30:00Z,2023-12-08
5_2800_west_1_day_a.txt,2023-12-08T14:50:08Z,2023-12-08
5_2800_west_1_day_photo.txt,2023-12-08T14:52:24Z,2023-12-08
5_2800_west_1_day_resp.txt,2023-12-08T14:55:24Z,2023-12-08
5_2800_west_1_night_a.txt,2023-12-08T19:41:56Z,2023-12-08
5_2800_west_1_night_resp.txt,2023-12-08T19:43:55Z,2023-12-08
5_2800_west_2_day_a.txt,2023-12-08T14:59:25Z,2023-12-08
5_2800_west_2_day_photo.txt,2023-12-08T15:08:41Z,2023-12-08
5_2800_west_2_day_redo_photo.txt,2023-12-08T15:11:14Z,2023-12-08
5_2800_west_2_day_resp.txt,2023-12-08T15:01:55Z,2023-12-08
5_2800_west_2_night_resp.txt,2023-12-08T19:37:46Z,2023-12-08
5_2800_west_3_day_a.txt,2023-12-08T15:18:02Z,2023-12-08
5_2800_west_3_day_photo.txt,2023-12-08T15:15:37Z,2023-12-08
5_2800_west_3_day_redo_photo.txt,2023-12-08T15:24:10Z,2023-12-08
5_2800_west_3_day_resp.txt,2023-12-08T15:20:08Z,2023-12-08
5_2800_west_3_night_a.txt,2023-12-08T19:31:18Z,2023-12-08
5_2800_west_3_night_resp.txt,2023-12-08T19:33:17Z,2023-12-08
5_2800_west_4_day_a.txt,2023-12-08T15:29:53Z,2023-12-08
5_2800_west_4_day_redo_photo.txt,2023-12-08T15:45:08Z,2023-12-08
5_2800_west_4_day_resp.txt,2023-12-08T15:37:44Z,2023-12-08
5_2800_west_4_night_resp.txt,2023-12-08T19:25:54Z,2023-12-08
5_2800_west_5_day_a.txt,2023-12-08T15:50:35Z,2023-12-08
5_2800_west_5_day_photo.txt,2023-12-08T15:53:28Z,2023-12-08
5_2800_west_5_day_resp.txt,2023-12-08T15:57:25Z,2023-12-08
5_2800_west_5_night_a.txt,2023-12-08T19:18:38Z,2023-12-08
5_2800_west_5_night_resp.txt,2023-12-08T19:21:10Z,2023-12-08
