"","filename","site","elevation","aspect","plot","day.night","measurement","tstart","tfinish","wamb","tav","pav","cav","flux_value_original","flux_nlm","lm_rsqd","non_linear_sigma","aic_lm","aic_nlm","w_prime_min","w_prime_max","suggested.discard","flux","comments","pairID","flag","flux_value"
"1","1_2000_east_1_day_photo","1","2000","east","1","day","photo",10,65,23.2581801780053,22.3459671875,80.08914296875,392.972328125,4.37675795701125,0.675812044868493,0.993801711747902,0.259188430243945,-53.04762217363,11.3857890693142,27.4924088860831,33.6067946830026,FALSE,"ET","Saturated and goes down around 70 sec","1_east_1_day_ET","manual_flux_time_selection",4.37675795701125
"2","1_2000_east_2_day_photo","1","2000","east","2","day","photo",20,80,23.4289338150919,23.6321746031746,80.1235436507936,395.262380952381,2.10962384438704,1.06323839865049,0.767831886657295,0.546422245087754,100.309573345494,100.085197913552,29.8525415936844,34.305214780718,FALSE,"ET",NA,"1_east_2_day_ET","okay",2.10962384438704
"3","1_2000_east_3_day_photo","1","2000","east","3","day","photo",20,80,24.2497432816364,24.4062865546219,80.1293781512605,393.312915966387,4.20914737440637,3.1242247542397,0.965696353165945,0.574205189362438,54.2592375038869,105.937382623455,29.9229700012277,36.5565508456384,FALSE,"ET",NA,"1_east_3_day_ET","okay",4.20914737440637
"4","1_2000_east_4_day_photo","1","2000","east","4","day","photo",20,80,24.3795677608502,24.7295163934426,80.130162295082,402.919459016393,3.87243801417707,2.74146144501303,0.956013038271897,0.617177889928272,60.0005375460062,114.453500615844,29.5983794121508,35.7891029807421,FALSE,"ET",NA,"1_east_4_day_ET","okay",3.87243801417707
"5","1_2000_east_5_day_photo","1","2000","east","5","day","photo",20,80,24.0446991791198,24.9098106557377,80.1339303278689,396.636081967213,3.24745592472452,2.48952218243725,0.957520043553183,0.426929633240482,36.3725115371028,70.9660059535653,30.5441963821509,36.1890046047203,FALSE,"ET",NA,"1_east_5_day_ET","okay",3.24745592472452
"6","1_2000_west_1_day_photo","1","2000","west","1","day","photo",20,80,21.2938291249495,20.645,79.9979705882353,398.676193277311,2.60041179075105,1.92085855572067,0.949982316864998,0.394180314603576,18.1588697321287,61.5483374045655,24.4146699458863,28.6513342070698,FALSE,"ET",NA,"1_west_1_day_ET","okay",2.60041179075105
"7","1_2000_west_2_day_photo","1","2000","west","2","day","photo",20,80,20.9323765892719,20.4961441666667,79.9958316666667,402.329708333333,3.19241846160748,2.42234839390066,0.977012663413272,0.378017541340451,-6.01125612731027,56.6079304343031,24.1904568186453,29.4256165358696,FALSE,"ET","Redo is better","1_west_2_day_ET","okay",3.19241846160748
"8","1_2000_west_2_day_photo","1","2000","west","2","day","photo",20,80,20.9323765892719,20.4961441666667,79.9958316666667,402.329708333333,3.19241846160748,2.42234839390066,0.977012663413272,0.378017541340451,-6.01125612731027,56.6079304343031,24.1904568186453,29.4256165358696,FALSE,"ET","Redo is better","1_west_2_day_ET","high_aic_discard_this_keep_other_reading",NA
"9","1_2000_west_2_day_redo_photo","1","2000","west","2","day","redo",20,80,22.3138026588012,21.056237704918,79.9954696721312,405.281852459016,2.88166753341554,1.87032972917324,0.967294534225432,0.517691197553495,3.8461124193911,93.7116522616331,24.8059401851517,29.0696747059305,FALSE,"ET","This is better","1_west_2_day_ET","high_aic_discard_this_keep_other_reading",NA
"10","1_2000_west_3_day_photo","1","2000","west","3","day","photo",20,80,20.8829195669508,19.7406173553719,79.9842049586777,398.246223140496,1.8171020431855,1.25436399314691,0.963544441089608,0.295673799069539,-46.082273439307,27.6172439537371,23.8187333027962,26.4528182237255,TRUE,"ET","Redo is better","1_west_3_day_ET","discard_this_keep_other_reading",NA
"11","1_2000_west_3_day_redo_photo","1","2000","west","3","day","redo",20,80,22.4084615956254,20.4130081300813,79.9867195121951,399.10881300813,1.6897909647213,1.24755998527824,0.985899064190548,0.206081788359645,-114.008281570554,-14.9788321277819,23.8403267770694,26.4884313214057,FALSE,"ET","This is better","1_west_3_day_ET","manual_flux_time_selection",1.6897909647213
"12","1_2000_west_4_day_photo","1","2000","west","4","day","photo",20,80,20.8957906857579,19.5880115702479,79.9908388429752,395.259198347107,2.08093486450709,1.4605298187188,0.955650006762815,0.338600984996407,-17.156936289331,43.613980299186,23.2399275587061,26.4353286722905,TRUE,"ET","There is a better redo","1_west_4_day_ET","discard_this_keep_other_reading",NA
"13","1_2000_west_4_day_redo_photo","1","2000","west","4","day","redo",20,80,10.2550603902696,19.9991256198347,79.9820694214876,402.901371900826,1.57515857816958,1.05755215383471,0.992068536316798,0.24043769845517,-158.223825179486,3.21533830674349,23.2715485383231,25.632820578461,FALSE,"ET",NA,"1_west_4_day_ET","okay",1.57515857816958
"14","1_2000_west_5_day_photo","1","2000","west","5","day","photo",20,80,20.4370066498686,18.7486609756098,79.9833666666667,397.230195121951,1.65845437489713,1.09225509579747,0.991237718065818,0.259614091100535,-146.3327975251,12.2700986918634,23.4491649217711,25.9464946332226,FALSE,"ET","This is better","1_west_5_day_ET","manual_flux_time_selection",1.65845437489713
"15","1_2000_west_5_day_redo_photo","1","2000","west","5","day","redo",20,80,20.9464445092799,19.2500553719008,79.999752892562,397.63705785124,2.42623548984432,1.6308633651164,0.98529023914533,0.377316531826644,-67.7644679298623,56.3889037828719,22.4114637680893,25.9432316883496,TRUE,"ET","The original is better","1_west_5_day_ET","discard_this_keep_other_reading",NA
"16","2_2200_east_1_day_photo","2","2200","east","1","day","photo",20,80,23.6894149309069,20.89541375,78.760860625,369.18169375,2.16735817259073,1.53382736369027,0.988240407303163,0.28571144492716,-92.7780137026291,23.5728589965832,25.4592827035373,29.218695387083,FALSE,"ET",NA,"2_east_1_day_ET","okay",2.16735817259073
"17","2_2200_east_2_day_photo","2","2200","east","2","day","photo",20,80,23.0717732041681,22.9108024242424,78.7754121212121,377.030309090909,4.85620704278761,1.32280087358212,0.986543151645739,0.454927336722234,14.7849289765623,78.4611889990142,25.4722171375891,33.3482135476084,FALSE,"ET",NA,"2_east_2_day_ET","okay",4.85620704278761
"18","2_2200_east_3_day_photo","2","2200","east","3","day","photo",20,80,22.3751012522668,21.9751227642276,78.7704926829268,361.076089430894,4.73762662836497,3.27420212963674,0.985269346350709,0.705179909645572,16.9861580199651,130.18238903676,26.6634771654643,33.9740077545983,FALSE,"ET",NA,"2_east_3_day_ET","okay",4.73762662836497
"19","2_2200_east_4_day_photo","2","2200","east","4","day","photo",20,80,22.3224674054694,20.3029840336134,78.7617344537815,379.515991596639,2.90331041227487,2.08641373239318,0.985345008294983,0.385700061229486,-43.7538194522774,58.9820224377132,24.6195587578332,29.3058824316528,FALSE,"ET","This is better","2_east_4_day_ET","manual_flux_time_selection",2.90331041227487
"20","2_2200_east_5_day_photo","2","2200","east","5","day","photo",20,80,22.316094768859,20.0078,78.7881050420168,314.727882352941,-12.2050851296308,-14.2990231103658,0.766040708623876,1.71428849031969,315.624171095538,235.001840699927,8.54325900729228,28.6275269778142,TRUE,"ET","Signalstrength below 95 at 50 sec","2_east_5_day_ET","suspicious",NA
"21","2_2200_east_5_day_redo2_photo","2","2200","east","5","day","redo2",20,80,21.2946825978295,21.93380625,78.74440859375,388.2018046875,3.13278299564668,2.11592843474814,0.930406582207563,0.429675031492008,64.7605060165248,71.7223831161942,22.7752618074546,28.0885089622074,TRUE,"ET","Redo is better","2_east_5_day_ET","discard_this_keep_other_reading",NA
"22","2_2200_east_5_day_redo_photo","2","2200","east","5","day","redo",20,80,22.1109367814013,19.395579338843,78.7712752066116,389.069917355372,1.93367081237949,-0.75889294496201,0.993580114538754,0.200403060059201,-144.586979338322,-18.2760450055668,24.1130489719595,27.0288312668657,FALSE,"ET","This is better","2_east_5_day_ET","manual_flux_time_selection",1.93367081237949
"23","2_2200_west_1_day_photo","2","2200","west","1","day","photo",20,80,24.3233009221963,23.8172916666667,78.6742486111111,388.464569444444,1.65185383080293,3.89329199727188,0.753683008449521,0.34959354095545,53.2280752967135,42.227782835786,30.4243081215983,33.4648313984805,TRUE,"ET","Redo is better","2_west_1_day_ET","discard_this_keep_other_reading",NA
"24","2_2200_west_1_day_redo_photo","2","2200","west","1","day","redo",20,80,24.245764449734,24.589395,78.6671116666667,392.964741666667,2.29721978829612,1.58020968080465,0.991882061851812,0.332653331287113,-106.84091433271,41.5228458724343,28.3213055731827,32.0776972860382,FALSE,"ET","This is better","2_west_1_day_ET","manual_flux_time_selection",2.29721978829612
"25","2_2200_west_2_day_photo","2","2200","west","2","day","photo",20,80,25.6643829583639,22.8473776859504,78.6827851239669,391.824396694215,2.5875386749226,1.62604009029417,0.997437718114638,0.445420275259632,-163.74677112567,75.9690960895865,25.5362631673729,29.4566671834539,FALSE,"ET",NA,"2_west_2_day_ET","okay",2.5875386749226
"26","2_2200_west_3_day_photo","2","2200","west","3","day","photo",20,80,25.4147246085501,26.0766147540984,78.6985295081967,388.399303278689,1.88043865431779,1.46976247343123,0.916758646318219,0.308308444030604,16.0866270509369,32.5548249857989,33.9717626447509,37.4854920622504,FALSE,"ET",NA,"2_west_3_day_ET","okay",1.88043865431779
"27","2_2200_west_4_day_photo","2","2200","west","4","day","photo",20,80,25.0326821834014,24.4433866666667,78.6939783333333,393.021966666667,1.88231668228488,0.971357745005165,0.923948363977006,0.491315049133455,9.56098081090914,87.5410368648856,28.6381078325443,31.8260555890096,FALSE,"ET",NA,"2_west_4_day_ET","okay",1.88231668228488
"28","2_2200_west_5_day_photo","2","2200","west","5","day","photo",20,80,25.3816437607288,23.5879479338843,78.6871884297521,388.204190082645,2.80251620792624,1.89827261999137,0.993598423839725,0.411735098553425,-97.6221959075911,66.6898006002475,27.6738171525748,32.2483680411363,FALSE,"ET",NA,"2_west_5_day_ET","okay",2.80251620792624
"29","3_2400_east_1_day_photo","3","2400","east","1","day","photo",20,80,25.6689542208831,22.0864579365079,76.3017785714286,448.798476190476,2.77719873375073,1.82194036341596,0.990964144710421,0.458594001438067,-74.4065788195544,79.4084438509513,30.1298561094014,34.5351631777486,FALSE,"ET","Looks good","3_east_1_day_ET","okay",2.77719873375073
"30","3_2400_east_2_day_redo_photo","3","2400","east","2","day","redo",20,80,25.0479451089595,22.6525099173554,76.3042652892562,435.049685950413,3.72862522525344,2.45110565642607,0.988752650445516,0.622738887891909,-24.744927119823,115.511962234092,26.4352233153529,32.8871260948604,FALSE,"ET",NA,"3_east_2_day_ET","okay",3.72862522525344
"31","3_2400_east_3_day_photo","3","2400","east","3","day","photo",20,80,26.4446838036482,23.0326098360656,76.2954557377049,425.151327868852,3.6706738194143,2.14174591113958,0.992329361017984,0.745547236693931,-50.0521752241679,136.750921976477,28.2149376392781,33.980636231033,FALSE,"ET","Looks good","3_east_3_day_ET","okay",3.6706738194143
"32","3_2400_east_4_day_photo","3","2400","east","4","day","photo",20,80,25.6053328992262,24.0866073770492,76.3031786885246,466.394057377049,3.82056352024745,-0.119038442221341,0.993122902481415,0.36706557313624,-51.4585350085607,53.1387192578955,28.7787480647386,34.991617602889,FALSE,"ET",NA,"3_east_4_day_ET","okay",3.82056352024745
"33","3_2400_east_5_day_photo","3","2400","east","5","day","photo",20,80,20.724416498301,25.0360852459016,76.2920442622951,440.081549180328,4.75028952466673,3.20963264346937,0.986853011054172,0.755953801197723,15.4349830551848,138.386610854743,29.0052924829208,36.7030190035957,FALSE,"ET",NA,"3_east_5_day_ET","okay",4.75028952466673
"34","3_2400_west_1_day_photo","3","2400","west","1","day","photo",20,80,21.2908311293776,22.06306875,76.2314598958333,413.841380208333,1.02977651485434,0.372071322612301,0.955195827455779,0.11398691585341,-95.4304542015146,-84.8571874961025,23.6334442337807,25.476949329133,TRUE,"ET","Redo is better","3_west_1_day_ET","discard_this_keep_other_reading",NA
"35","3_2400_west_1_day_redo_photo","3","2400","west","1","day","redo",20,80,22.8174026529721,22.5557203592814,76.2321874251497,410.238221556886,1.89138009845085,1.42277049539289,0.966348219934138,0.264136998780985,-39.2249027224608,14.3081522021375,24.4148798310125,27.5497388019941,FALSE,"ET","This is better","3_west_1_day_ET","manual_flux_time_selection",1.89138009845085
"36","3_2400_west_2_day_photo","3","2400","west","2","day","photo",20,80,19.6829731586647,22.2420145038168,76.238193129771,413.678099236641,1.94237547535684,-0.140277141438485,0.96027815808665,0.256375474047516,-25.6178810488641,10.7888213308462,23.4898075255773,26.688353062519,FALSE,"ET","This is better","3_west_2_day_ET","manual_flux_time_selection",1.94237547535684
"37","3_2400_west_2_day_redo_photo","3","2400","west","2","day","redo",20,80,22.0469504782286,23.0754296875,76.24773203125,411.3715234375,2.7417623075566,2.02058184011742,0.978762356361313,0.371613642239032,-22.5940406013663,54.5917963844249,23.9920308844188,28.5803390159654,TRUE,"ET","The original is better","3_west_2_day_ET","discard_this_keep_other_reading",NA
"38","3_2400_west_3_day_photo","3","2400","west","3","day","photo",20,80,20.6086550597993,22.3438896825397,76.280576984127,409.005023809524,1.80144019963348,1.19901276161513,0.992094458763172,0.285941609455151,-135.296186932111,23.667879623386,24.2789972103762,27.3287951426251,FALSE,"ET",NA,"3_west_3_day_ET","okay",1.80144019963348
"39","3_2400_west_4_day_photo","3","2400","west","4","day","photo",20,80,20.4863014107255,23.0490414473684,76.2812421052632,403.860256578947,2.39159761807489,1.561220652752,0.9921613329496,0.399706190063895,-100.957009953583,63.1910503899773,25.2856984230798,29.1886123985117,FALSE,"ET",NA,"3_west_4_day_ET","okay",2.39159761807489
"40","3_2400_west_5_day_photo","3","2400","west","5","day","photo",20,80,21.1643044012233,22.5917031746032,76.3219047619048,414.713182539683,0.711313612367748,3.25518266459457,0.722307235229328,0.174284789839492,-12.1703822598687,-34.7535596238619,25.3871502994028,26.8835020177747,TRUE,"ET","Redo is better","3_west_5_day_ET","discard_this_keep_other_reading",NA
"41","3_2400_west_5_day_redo_photo","3","2400","west","5","day","redo",20,80,20.1268083003874,22.5632273381295,76.3240165467626,408.798561151079,1.98438729732161,1.05539048945377,0.989366313059467,0.465698567219533,-105.222602431036,81.2224912673367,22.1037081615901,25.3596038666721,FALSE,"ET","This is better","3_west_5_day_ET","manual_flux_time_selection",1.98438729732161
"42","4_2600_east_1_day_photo","4","2600","east","1","day","photo",20,80,19.0667189855865,22.826375,74.9032322580645,414.114483870968,3.55455712115424,2.55259529536573,0.984205032275796,0.505393920502403,-7.25077365705248,90.874843174534,23.1219420164056,29.2493098111441,FALSE,"ET",NA,"4_east_1_day_ET","okay",3.55455712115424
"43","4_2600_east_2_day_photo","4","2600","east","2","day","photo",20,80,21.1218124152297,22.3557598360656,74.8949581967213,426.881852459016,2.45449819657842,-0.0876297803296331,0.976558693603329,0.289703137898038,-28.0499594166087,25.2100344887107,24.0734055817121,28.1338548028245,TRUE,"ET","Redo is better","4_east_2_day_ET","discard_this_keep_other_reading",NA
"44","4_2600_east_2_day_redo2_photo","4","2600","east","2","day","redo2",20,80,21.1447073562126,23.5031357723577,74.8939235772358,418.022113821138,3.36049835615983,2.36933399857775,0.977505633149821,0.520937241745796,8.17842883122148,94.4492297191963,23.4668671024179,29.2249452426598,TRUE,"ET","Redo is better","4_east_2_day_ET","discard_this_keep_other_reading",NA
"45","4_2600_east_2_day_redo_photo","4","2600","east","2","day","redo",20,80,20.643470001325,22.6171596774194,74.8942661290323,419.615346774194,2.98402276997952,2.06881310016036,0.975827233371975,0.488538583459603,-2.18821212839188,86.8723169347845,22.9373236072453,27.7970803779457,FALSE,"ET","This is better","4_east_2_day_ET","manual_flux_time_selection",2.98402276997952
"46","4_2600_east_3_day_photo","4","2600","east","3","day","photo",20,80,23.3825418163058,23.841081147541,74.9273549180328,397.284885245902,3.14487810244221,-0.312378502845319,0.988290396721373,0.360521022263018,-40.3209584450517,51.0158713765957,26.030391020182,31.0435882956344,TRUE,"ET","Redo is better","4_east_3_day_ET","discard_this_keep_other_reading",NA
"47","4_2600_east_3_day_redo_photo","4","2600","east","3","day","redo",20,80,23.1158810891554,24.1938680327869,74.9251713114754,403.678680327869,3.6233214769858,0.777304638714139,0.981624579699703,0.424662531756858,5.00429260583952,70.3377272585369,25.0623647942741,31.0429504655004,FALSE,"ET","This is better","4_east_3_day_ET","manual_flux_time_selection",3.6233214769858
"48","4_2600_east_4_day_photo","4","2600","east","4","day","photo",20,80,20.9496872948583,23.6186783333333,74.9074475,402.741116666667,4.30230825364862,2.47388302914961,0.9691438961982,0.974161158286512,58.1498195748033,168.310996134674,30.554922909339,37.8347860425751,FALSE,"ET",NA,"4_east_4_day_ET","okay",4.30230825364862
"49","4_2600_east_5_day_photo","4","2600","east","5","day","photo",20,80,20.5516779185577,20.5643388059701,74.9046052238806,397.849231343284,2.22256763136427,1.27171116903501,0.935058111595622,0.296989209554051,23.8904390909281,28.141044797693,26.7447499204016,30.5807312114569,TRUE,"ET","Redo is better","4_east_5_day_ET","discard_this_keep_other_reading",NA
"50","4_2600_east_5_day_redo_photo","4","2600","east","5","day","redo",20,80,21.483519708997,22.2343198347107,74.9123694214876,400.426033057851,4.33795400353019,2.88420123890792,0.992146185779173,0.702073094350281,-26.3213439186414,129.661367160215,27.2901687919931,34.5374107349395,FALSE,"ET",NA,"4_east_5_day_ET","okay",4.33795400353019
"51","4_2600_west_1_day_photo","4","2600","west","1","day","photo",20,80,17.9501477524534,14.264343902439,74.8310219512195,394.363170731707,0.870138162053663,0.676692210258905,0.983765339440285,0.0955579668970822,-180.706959358981,-105.666560895576,18.9643531624476,20.4937597827083,FALSE,"ET",NA,"4_west_1_day_ET","okay",0.870138162053663
"52","4_2600_west_2_day_photo","4","2600","west","2","day","photo",20,80,18.3980566266995,15.3475338842975,74.8396694214876,389.942975206612,0.806860505062469,0.540173570184043,0.926221910925374,0.167861437086161,-93.4478852816489,-39.1846749292122,19.6172316127836,20.9626084696199,FALSE,"ET",NA,"4_west_2_day_ET","okay",0.806860505062469
"53","4_2600_west_3_day_photo","4","2600","west","3","day","photo",20,80,17.5368942569343,16.6862788617886,74.8427512195122,393.632650406504,1.33127545291147,0.921731648427413,0.993393673263161,0.195376188866099,-183.263449619884,-21.2736892850396,18.6095897610994,20.8518171315473,FALSE,"ET",NA,"4_west_3_day_ET","okay",1.33127545291147
"54","4_2600_west_4_day_photo","4","2600","west","4","day","photo",20,80,17.7498920213461,17.2961106557377,74.8549049180328,387.478106557377,1.66493448965602,1.09270238267999,0.997448336985024,0.269832418245269,-214.018444588847,16.8254686000345,20.1039016628,22.8802979445732,FALSE,"ET",NA,"4_west_4_day_ET","okay",1.66493448965602
"55","4_2600_west_5_day_photo","4","2600","west","5","day","photo",20,80,17.4183292949537,18.8769569105691,74.8659040650407,388.938788617886,2.41529258348522,1.67162220247495,0.989266851740405,0.367887059823861,-79.8514193843113,53.4025062426908,21.3096253325639,25.2135904363975,FALSE,"ET",NA,"4_west_5_day_ET","okay",2.41529258348522
"56","5_2800_east_1_day_photo","5","2800","east","1","day","photo",20,80,12.4116461917106,22.9519438016529,73.1322041322314,428.863338842975,2.24728107455958,-1.41399092573687,0.994434509839454,0.250496612817442,-124.478155708079,8.05149666216421,15.379341660527,19.0503306920228,FALSE,"ET",NA,"5_east_1_day_ET","okay",2.24728107455958
"57","5_2800_east_2_day_photo","5","2800","east","2","day","photo",20,80,12.4958173051669,22.9504305785124,73.1165214876033,411.565818181818,3.1614010108274,2.15309589447393,0.981296573288352,0.538209004244145,-8.06402684239378,98.2980818867704,15.7195809506668,21.2045986477004,FALSE,"ET",NA,"5_east_2_day_ET","okay",3.1614010108274
"58","5_2800_east_3_day_photo","5","2800","east","3","day","photo",20,80,13.0302336757675,22.9223661157025,73.115352892562,415.816289256198,2.30869774514716,1.36806680891008,0.977053540095607,0.513639286598517,-33.6859021036821,92.7844461718068,16.717375445767,20.5358343809134,FALSE,"ET",NA,"5_east_3_day_ET","okay",2.30869774514716
"59","5_2800_east_4_day_photo","5","2800","east","4","day","photo",20,80,12.3774822723371,22.2128039106145,73.126469273743,437.690815642458,2.27343648354065,1.53144589609794,0.992729785559543,0.376020173787712,-106.957884633113,55.9827894957347,15.6669676765003,19.7217240598344,FALSE,"ET",NA,"5_east_4_day_ET","okay",2.27343648354065
"60","5_2800_east_5_day_photo","5","2800","east","5","day","photo",20,80,12.0888877411313,19.6745040983607,73.1235139344262,424.738795081967,2.08424472845031,-1.16084557675631,0.984188479592881,0.236817992708536,-70.684785302366,1.4253817857899,16.7951166991007,20.2965553155818,TRUE,"ET","Redo is better","5_east_5_day_ET","discard_this_keep_other_reading",NA
"61","5_2800_east_5_day_redo_photo","5","2800","east","5","day","redo",20,80,12.6010282445287,19.5924181818182,73.1275016528926,417.904132231405,2.75738012753326,1.84173592654016,0.996116251938219,0.452329211837868,-122.956025037028,77.7853502301095,14.5277327750184,19.2354185123321,FALSE,"ET","This is better","5_east_5_day_ET","manual_flux_time_selection",2.75738012753326
"62","5_2800_west_1_day_photo","5","2800","west","1","day","photo",20,80,12.8660006896616,20.9346520661157,72.972694214876,398.085371900826,3.75296499918909,2.44809242861811,0.99747043119857,0.647518700768875,-110.767765970306,120.11636521911,16.5273109376102,22.8659640532169,FALSE,"ET",NA,"5_west_1_day_ET","okay",3.75296499918909
"63","5_2800_west_2_day_photo","5","2800","west","2","day","photo",20,80,12.333360095979,21.7460795081967,72.9737901639344,414.092106557377,2.23054491599354,-0.26063743640037,0.973290728859994,0.276863739660017,-28.6384833015334,19.8609451376614,15.913678221127,19.623365403547,TRUE,"ET","Redo is better","5_west_2_day_ET","discard_this_keep_other_reading",NA
"64","5_2800_west_2_day_redo_photo","5","2800","west","2","day","redo",20,80,15.3957600928784,21.9660272727273,72.9713983471074,412.90932231405,2.07519789283731,0.949532713368366,0.969672804918708,0.235329844547818,-29.3743787480637,0.681538224078752,16.7977013864443,20.4252397693186,FALSE,"ET","This is better","5_west_2_day_ET","manual_flux_time_selection",2.07519789283731
"65","5_2800_west_3_day_photo","5","2800","west","3","day","photo",20,80,11.4722598882795,21.1523886178862,72.9923260162602,414.419918699187,2.10250407824572,1.7223438502419,0.94778090858169,0.287242126416136,6.38922481876533,24.2033493345297,15.340577720666,19.0132588910181,TRUE,"ET","Redo is better","5_west_3_day_ET","discard_this_keep_other_reading",NA
"66","5_2800_west_3_day_redo_photo","5","2800","west","3","day","redo",20,80,13.2849514388571,20.5145776859504,72.9917371900826,409.580355371901,2.02906226561921,1.41311269101092,0.981933866704555,0.327139295774965,-65.1176122888133,39.5504948265057,15.1289746740548,18.797631336259,FALSE,"ET","This is better","5_west_3_day_ET","manual_flux_time_selection",2.02906226561921
"67","5_2800_west_4_day_redo_photo","5","2800","west","4","day","redo",50,100,12.8863743369435,20.9344132450331,72.9901496688742,411.82578807947,0.936251944650313,0.371387357352539,0.953057452246709,0.244646306772173,-100.249761914009,5.03572191249132,16.7965641223942,18.1678822403318,FALSE,"ET","This is better but needed a cut","5_west_4_day_ET","manual_flux_time_selection",0.936251944650313
"68","5_2800_west_5_day_photo","5","2800","west","5","day","photo",20,80,11.3474721208323,18.7487123966942,73.014667768595,402.776719008264,2.57097982376511,1.75716727971448,0.99585722638514,0.40215247048153,-127.704696541747,63.9110325988795,13.5779921405135,17.9546847292546,FALSE,"ET",NA,"5_west_5_day_ET","okay",2.57097982376511
"69","1_2000_east_1_day_resp","1","2000","east","1","day","resp",20,80,23.2581801780053,32.2358972222222,80.1799416666667,440.204018518519,3.29498567974819,2.49375575629918,0.973060845423666,0.428593174474817,12.272898438488,71.4249022244329,19.9510586684009,25.324910084132,FALSE,"EVAP",NA,"1_east_1_day_EVAP","okay",3.29498567974819
"70","1_2000_east_1_night_redo_resp","1","2000","east","1","night","redo",50,120,15.4200267149921,9.84789791907514,79.9724878612717,451.908052023121,-0.0524450234358052,-0.0154957078170212,0.571234864477161,0.0298208858225237,-329.218256084072,-284.947424989073,15.4475981313327,15.6061081395041,FALSE,"EVAP","Needed to be cut","1_east_1_night_EVAP","manual_flux_time_selection",-0.0524450234358052
"71","1_2000_east_1_night_resp","1","2000","east","1","night","resp",20,80,15.4912025079673,10.045668627451,79.9759196078431,462.907803921569,0.0107906523008449,0.633096759918548,0.0235372306140059,0.0161557123348884,-168.869287105455,-163.873101938921,15.7468181984857,15.8057340608399,TRUE,"EVAP","Redo is better","1_east_1_night_EVAP","discard_this_keep_other_reading",NA
"72","1_2000_east_2_day_redo_resp","1","2000","east","2","day","redo",20,80,15.4909255587205,31.8661487804878,80.185193495935,429.802723577236,1.82328944510905,1.29333040794712,0.955885332663539,0.304888473584136,-28.9053300082538,31.2385734342417,16.4010539672369,19.4378248948348,FALSE,"EVAP","This is better","1_east_2_day_EVAP","manual_flux_time_selection",1.82328944510905
"73","1_2000_east_2_day_resp","1","2000","east","2","day","resp",20,80,23.4289338150919,24.222925,80.1171383333333,408.822616666667,1.41262413784172,2.52613061722737,0.760680484194631,0.345022513471563,54.0539443550317,45.8308808283649,29.1996285001021,31.8964347462231,TRUE,"EVAP","Redo is better","1_east_2_day_EVAP","discard_this_keep_other_reading",NA
"74","1_2000_east_2_night_redo_resp","1","2000","east","2","night","redo",20,80,15.0392897923633,9.54851496,79.9801368,438.318816,-0.120068168385492,-0.0683815190186641,0.937615216522371,0.0272621601537027,-347.428705338474,-253.666099832088,14.9341470128052,15.1357759327347,FALSE,"EVAP",NA,"1_east_2_night_EVAP","okay",-0.120068168385492
"75","1_2000_east_3_day_resp","1","2000","east","3","day","resp",20,80,24.2497432816364,24.9584201550388,80.1269100775194,413.841426356589,2.25208469641512,-1.67999456597855,0.979005615003485,0.244337103412376,-52.5958569936191,5.11370310338777,29.8960278764018,33.4362084630985,FALSE,"EVAP",NA,"1_east_3_day_EVAP","okay",2.25208469641512
"76","1_2000_east_3_night_resp","1","2000","east","3","night","resp",20,80,14.6214868932132,9.50346040322581,79.9781572580645,429.689717741935,-0.0953961112164763,-0.0413873576591923,0.908634639889837,0.0283384156821692,-350.318357657931,-249.09729759699,15.0025496864048,15.1506153589243,FALSE,"EVAP",NA,"1_east_3_night_EVAP","okay",-0.0953961112164763
"77","1_2000_east_4_day_resp","1","2000","east","4","day","resp",20,80,24.3795677608502,25.0948113821138,80.1260504065041,412.663227642276,2.17172892088245,1.02267137821458,0.877098391502532,0.401620335482821,57.5285480548051,63.754789594499,29.8653749683188,33.7694220722384,FALSE,"EVAP",NA,"1_east_4_day_EVAP","okay",2.17172892088245
"78","1_2000_east_4_night_resp","1","2000","east","4","night","resp",20,80,15.0711062613873,9.412924375,79.98190703125,432.4171796875,-0.0372434760708452,-0.0285716958399909,0.704777508847587,0.0112791677010627,-378.069255685917,-357.806080348199,15.072507136721,15.1508214651205,FALSE,"EVAP",NA,"1_east_4_night_EVAP","okay",-0.0372434760708452
"79","1_2000_east_5_day_resp","1","2000","east","5","day","resp",20,80,24.0446991791198,25.2017271186441,80.1318483050847,412.365906779661,2.41879434270658,1.40060660413808,0.976614904018915,0.490146521758394,-37.0638515698763,87.2600553175705,30.118183398945,34.0638201440389,FALSE,"EVAP",NA,"1_east_5_day_EVAP","okay",2.41879434270658
"80","1_2000_east_5_night_resp","1","2000","east","5","night","resp",20,80,15.0943946886615,9.4651871875,79.9884046875,426.6372109375,-0.0190214664591687,-0.00981294401037483,0.273949964624977,0.0143061907686409,-347.495050439491,-329.753361382878,15.221520828234,15.2850143627295,FALSE,"EVAP",NA,"1_east_5_night_EVAP","okay",-0.0190214664591687
"81","1_2000_west_1_day_redo2_resp","1","2000","west","1","day","redo2",20,80,13.615520396394,30.5214856,80.1233032,423.712368,1.00843782324745,0.04422703022893,0.96929148208233,0.0898110059947387,-124.550373672792,-112.985571969501,14.4245078468779,16.288564975139,FALSE,"EVAP","This is better","1_west_1_day_EVAP","manual_flux_time_selection",1.00843782324745
"82","1_2000_west_1_day_resp","1","2000","west","1","day","resp",20,80,21.2938291249495,20.7366235772358,80.0029910569106,415.360422764228,1.27555543294642,1.05071491809724,0.949350176420651,0.150178405173075,-67.9031808997908,-52.3198336787975,25.5102862270995,27.9149844409648,TRUE,"EVAP","Redo2 is better","1_west_1_day_EVAP","discard_this_keep_other_reading",NA
"83","1_2000_west_1_night_resp","1","2000","west","1","night","resp",20,80,15.784871743886,10.5345341463415,79.9185317073171,427.99781300813,0.124733991819617,0.094957090672651,0.942363718530181,0.0182858892800208,-347.396287696423,-300.791757581221,16.2252556771932,16.4140708298309,FALSE,"EVAP",NA,"1_west_1_night_EVAP","okay",0.124733991819617
"84","1_2000_west_2_day_resp","1","2000","west","2","day","resp",20,80,20.9323765892719,20.567852991453,79.9922205128205,410.298641025641,1.51989586876811,1.13123889641937,0.982909687827694,0.183901386983694,-114.966076909835,-28.4158989009349,23.4743042959003,26.0596579814821,FALSE,"EVAP",NA,"1_west_2_day_EVAP","okay",1.51989586876811
"85","1_2000_west_2_night_resp","1","2000","west","2","night","resp",20,80,18.3899532725887,10.6981125984252,79.936957480315,450.265905511811,0.155481212991075,0.722088274729721,0.91710698851132,0.0227760538342613,-296.647915200138,-274.88131418363,16.138824886256,16.4070458149542,FALSE,"EVAP",NA,"1_west_2_night_EVAP","okay",0.155481212991075
"86","1_2000_west_3_day_resp","1","2000","west","3","day","resp",20,80,20.8829195669508,20.1063275,79.9833833333333,410.552925,0.587557391263191,0.472421345791933,0.824908447553732,0.131377908981334,-78.4715117374267,-68.1018597492694,24.4333500589152,25.458441450835,FALSE,"EVAP",NA,"1_west_3_day_EVAP","okay",0.587557391263191
"87","1_2000_west_3_night_resp","1","2000","west","3","night","resp",20,80,15.5928905871509,10.7014056910569,79.950325203252,434.07974796748,0.107907887140238,0.0847437549403272,0.915292572611635,0.017144354192598,-339.785419742893,-308.39812808772,16.0234002381356,16.2015038156334,FALSE,"EVAP",NA,"1_west_3_night_EVAP","okay",0.107907887140238
"88","1_2000_west_4_day_resp","1","2000","west","4","day","resp",20,80,20.8957906857579,20.200287394958,79.991274789916,414.459369747899,0.793974449070285,0.591969854006253,0.984045144947191,0.0937687938431408,-198.601684747339,-107.896871124411,24.1810162108395,25.5047123992544,FALSE,"EVAP",NA,"1_west_4_day_EVAP","okay",0.793974449070285
"89","1_2000_west_4_night_resp","1","2000","west","4","night","resp",20,80,18.9688591689162,10.9344228346457,79.9367251968504,451.12874015748,0.382899045516459,0.299201643953471,0.959925416057484,0.0475926911466015,-233.712800690517,-187.918914541258,15.5563944051373,16.1803346139577,FALSE,"EVAP",NA,"1_west_4_night_EVAP","okay",0.382899045516459
"90","1_2000_west_5_day_resp","1","2000","west","5","day","resp",20,80,20.4370066498686,19.3867860655738,79.9831786885246,411.454754098361,0.475634154071797,1.64339759977923,0.791261134319391,0.0989442006467173,-91.2899712316292,-101.557445144215,23.0366366811218,24.0847319514539,FALSE,"EVAP",NA,"1_west_5_day_EVAP","okay",0.475634154071797
"91","1_2000_west_5_night_resp","1","2000","west","5","night","resp",20,80,14.6620062765799,10.9174467213115,79.9330057377049,433.993360655738,0.491080516251172,-0.0429594501118702,0.977205944182383,0.0481879613194906,-238.863478846343,-186.452171874839,15.4065606636372,16.1718671802399,FALSE,"EVAP",NA,"1_west_5_night_EVAP","okay",0.491080516251172
"92","2_2200_east_1_day_resp","2","2200","east","1","day","resp",20,80,23.6894149309069,21.8839069230769,78.7588869230769,411.711453846154,1.2389377566495,-1.0592379882362,0.969495442356137,0.155349967943982,-101.2808032248,-48.3247697098883,26.9161922399435,28.9165683451143,FALSE,"EVAP",NA,"2_east_1_day_EVAP","okay",1.2389377566495
"93","2_2200_east_1_night_redo_resp","2","2200","east","1","night","redo",40,100,21.2613336817203,13.457537704918,78.4084459016393,439.323967213115,0.0048230244629539,-0.00358329558240667,0.0216186301889273,0.0148076862224233,-337.656236502844,-325.687786923007,21.1543353260479,21.2208675046601,FALSE,"EVAP","This is better","2_east_1_night_EVAP","manual_flux_time_selection",0.0048230244629539
"94","2_2200_east_1_night_resp","2","2200","east","1","night","resp",20,80,17.5851629607892,13.48217578125,78.41115703125,465.9588046875,0.0356096202902482,7.89775957355049,0.0982684227350684,0.0422196675832717,-191.08531038742,-202.054492454192,21.9875511696392,22.1983663839027,TRUE,"EVAP","Redo is better","2_east_1_night_EVAP","discard_this_keep_other_reading",NA
"95","2_2200_east_2_day_resp","2","2200","east","2","day","resp",20,80,23.0717732041681,23.1148347107438,78.7725727272727,409.016330578512,2.29980068115148,1.50953819150504,0.991342390335284,0.36846125514313,-103.513769394047,53.5865361644812,27.2364555534817,31.0046821015628,FALSE,"EVAP",NA,"2_east_2_day_EVAP","okay",2.29980068115148
"96","2_2200_east_2_night_redo_resp","2","2200","east","2","night","redo",20,80,20.4129534830808,13.5468768,78.4001568,434.696056,-0.526882593581022,-0.357375728772894,0.987143728621901,0.0802903979308105,-262.341987232685,-126.208356100247,19.2502741528425,20.0657126332078,FALSE,"EVAP","This is better","2_east_2_night_EVAP","manual_flux_time_selection",-0.526882593581022
"97","2_2200_east_2_night_resp","2","2200","east","2","night","resp",20,80,22.0244431064813,13.5813357142857,78.3948523809524,461.395873015873,-0.271933108053152,-0.303603978418614,0.880720444105771,0.0427472766086978,-200.167979334801,-200.58901277127,21.2394313207802,21.7325580290452,TRUE,"EVAP","Redo is better","2_east_2_night_EVAP","discard_this_keep_other_reading",NA
"98","2_2200_east_3_day_resp","2","2200","east","3","day","resp",20,80,22.3751012522668,20.1262933333333,78.7726091666667,414.573133333333,1.24201649484677,1.0038778982438,0.974420233728287,0.123782567111087,-112.777854563791,-75.1289292126846,23.812758570311,26.0369180395554,FALSE,"EVAP",NA,"2_east_3_day_EVAP","okay",1.24201649484677
"99","2_2200_east_3_night_resp","2","2200","east","3","night","resp",20,80,20.0877383319917,13.6020040650407,78.3849479674797,435.832552845528,-0.136744648640301,-0.0780304327782707,0.913354382019833,0.0336726663582757,-305.729208185723,-228.746062716952,19.1754809208821,19.3929311216584,FALSE,"EVAP",NA,"2_east_3_night_EVAP","okay",-0.136744648640301
"100","2_2200_east_4_day_resp","2","2200","east","4","day","resp",20,80,22.3224674054694,19.9004333333333,78.7724333333333,401.467089430894,1.14596702393065,0.858222823308471,0.983825938922304,0.136073255529076,-151.238990295503,-63.9582410406746,25.7100375163703,27.6741339867148,FALSE,"EVAP",NA,"2_east_4_day_EVAP","okay",1.14596702393065
"101","2_2200_east_4_night_resp","2","2200","east","4","night","resp",20,80,21.2938551168706,13.742015,78.381705,431.293675,-0.196817807340686,-0.136414419223387,0.902452353997982,0.0401433203454271,-253.274825996342,-208.005245420162,20.8976732823218,21.2264991528416,FALSE,"EVAP",NA,"2_east_4_night_EVAP","okay",-0.196817807340686
"102","2_2200_east_5_day_resp","2","2200","east","5","day","resp",10,60,22.316094768859,19.8433239316239,78.7791324786325,412.593205128205,1.03957647131025,0.749258992970649,0.995025187559864,0.112181770378755,-214.405249173501,-71.3741936663544,24.5334786804828,25.8830288170543,FALSE,"EVAP","Needed to be cut","2_east_5_day_EVAP","manual_flux_time_selection",1.03957647131025
"103","2_2200_east_5_night_resp","2","2200","east","5","night","resp",20,80,21.1798770423345,13.7962132231405,78.3845958677686,433.496553719008,0.057121107137555,0.0522374956810832,0.833328165682003,0.0111470530967227,-366.645231814426,-359.196390717491,21.0949016833668,21.2170088186174,FALSE,"EVAP",NA,"2_east_5_night_EVAP","okay",0.057121107137555
"104","2_2200_west_1_day_resp","2","2200","west","1","day","resp",20,80,24.3233009221963,23.2445286885246,78.666237704918,421.487114754098,0.788954345254902,0.541196829638579,0.948429262866212,0.141284042075149,-122.264748753961,-59.5239234638731,26.8407969598941,28.105843496588,FALSE,"EVAP",NA,"2_west_1_day_EVAP","okay",0.788954345254902
"105","2_2200_west_1_night_resp","2","2200","west","1","night","resp",10,65,20.8852967472053,13.2095646551724,78.4791474137931,486.834353448276,0.114820460279298,0.0727115702406785,0.834705406771719,0.0271535660894191,-268.405249126236,-232.267280628473,21.1072049222269,21.3013851195775,FALSE,"EVAP","Needed to be cut","2_west_1_night_EVAP","manual_flux_time_selection",0.114820460279298
"106","2_2200_west_2_day_resp","2","2200","west","2","day","resp",20,80,25.6643829583639,24.3706783333333,78.7021566666667,419.494425,1.29216018517532,0.876168991963164,0.987670474654957,0.198897335904501,-151.429060955909,-19.1659829781983,27.2469022856038,29.2777012852899,FALSE,"EVAP",NA,"2_west_2_day_EVAP","okay",1.29216018517532
"107","2_2200_west_2_night_resp","2","2200","west","2","night","resp",20,80,19.6619168035518,13.265536,78.4806296,442.766416,-0.213679581197026,-0.148701916458455,0.921477615102994,0.0308613892245198,-258.110204614168,-239.033368565553,19.4497764499558,19.7608232569917,FALSE,"EVAP",NA,"2_west_2_night_EVAP","okay",-0.213679581197026
"108","2_2200_west_3_day_resp","2","2200","west","3","day","resp",20,80,25.4147246085501,24.9973297520661,78.6648305785124,417.610008264463,0.782492705522385,0.580154349801786,0.894080405654643,0.15356089803236,-75.0435461673818,-49.6915886419524,30.4771871929822,31.8614036782144,FALSE,"EVAP",NA,"2_west_3_day_EVAP","okay",0.782492705522385
"109","2_2200_west_3_night_resp","2","2200","west","3","night","resp",20,80,17.3685917824267,13.294775,78.4689451612903,439.587693548387,-0.282196135797656,-0.162434431292202,0.984148064677831,0.0575937155348594,-325.767658927279,-165.412272528622,19.7941015313126,20.2089102189634,FALSE,"EVAP",NA,"2_west_3_night_EVAP","okay",-0.282196135797656
"110","2_2200_west_4_day_resp","2","2200","west","4","day","resp",20,80,25.0326821834014,25.1175462809917,78.6510008264463,413.717049586777,0.401783137034368,0.329585516448883,0.754808876738544,0.111634644470371,-94.7646909333123,-87.3177509307569,29.4123702425707,30.2213368728991,FALSE,"EVAP",NA,"2_west_4_day_EVAP","okay",0.401783137034368
"111","2_2200_west_4_night_resp","2","2200","west","4","night","resp",20,80,19.3876524256212,13.3917496,78.4503592,455.76552,-0.0766562424116667,-0.255757878137703,0.418328577599074,0.0308695944970609,-212.751041671856,-239.001999482892,19.2096559107433,19.4455154285943,TRUE,"EVAP","Signalstrength low for the whole measurement","2_west_4_night_EVAP","suspicious",NA
"112","2_2200_west_5_day_resp","2","2200","west","5","day","resp",20,80,25.3816437607288,25.995703968254,78.6594777777778,414.297404761905,1.10096355067594,0.438047930510801,0.862445682768093,0.380205279679221,-14.8306226832515,57.2888749620007,29.3956274156055,31.4421737932616,FALSE,"EVAP",NA,"2_west_5_day_EVAP","okay",1.10096355067594
"113","2_2200_west_5_night_resp","2","2200","west","5","night","resp",20,80,18.7740625646817,13.3541834645669,78.4551456692913,453.010307086614,-0.138806905828282,-0.0682133097596171,0.914875543528326,0.0377337055941535,-305.299687315589,-215.309718760574,18.5223379772859,18.7369149610379,TRUE,"EVAP","Signalstrength low for the whole measurement","2_west_5_night_EVAP","suspicious",NA
"114","3_2400_east_1_day_redo_resp","3","2400","east","1","day","redo",20,80,27.1945919192176,26.0708704918033,76.275618852459,460.097180327869,2.57075579242313,1.61203371950757,0.996524186721198,0.459001219012435,-140.771906234966,79.5131777812489,28.7155663182064,32.869843319842,FALSE,"EVAP",NA,"3_east_1_day_EVAP","okay",2.57075579242313
"115","3_2400_east_1_day_redo_resp","3","2400","east","1","day","redo",20,80,27.1945919192176,26.0708704918033,76.275618852459,460.097180327869,2.57075579242313,1.61203371950757,0.996524186721198,0.459001219012435,-140.771906234966,79.5131777812489,28.7155663182064,32.869843319842,FALSE,"EVAP",NA,"3_east_1_day_EVAP","high_aic_discard_this_keep_other_reading",NA
"116","3_2400_east_1_day_resp","3","2400","east","1","day","resp",20,80,25.6689542208831,25.9911168,76.2799496,478.780096,-0.815835464298934,-15.1926608630258,0.372338793991632,0.555446183534564,96.1831761984913,102.018003167242,31.2161503298654,34.8679079079328,TRUE,"EVAP",NA,"3_east_1_day_EVAP","high_aic_discard_this_keep_other_reading",NA
"117","3_2400_east_1_night_resp","3","2400","east","1","night","resp",10,50,13.2867172503225,10.5827357723577,76.3480910569106,433.518113821138,0.0985725933716079,0.0683051376756702,0.823697099035095,0.0168102875564097,-228.302819642811,-204.065509600074,17.1321673743872,17.2515693648586,FALSE,"EVAP","Needed to be cut","3_east_1_night_EVAP","manual_flux_time_selection",0.0985725933716079
"118","3_2400_east_2_day_resp","3","2400","east","2","day","resp",20,80,24.5834169077136,26.6317155737705,76.2838737704918,463.427073770492,2.63104966371672,1.54779618665013,0.997314236494697,0.524807505005512,-153.506345350381,95.3226611205044,30.5208324423622,34.636527014877,FALSE,"EVAP",NA,"3_east_2_day_EVAP","okay",2.63104966371672
"119","3_2400_east_2_night_resp","3","2400","east","2","night","resp",20,80,17.1490311268118,10.4365235772358,76.3558869918699,442.040032520325,-0.110075753972709,-0.0604267957491057,0.955836522775895,0.0253409578390838,-374.234137555111,-262.28926749701,16.9963480678137,17.1708613097702,FALSE,"EVAP",NA,"3_east_2_night_EVAP","okay",-0.110075753972709
"120","3_2400_east_3_day_resp","3","2400","east","3","day","resp",20,80,26.4446838036482,26.7775355371901,76.3044859504132,462.55652892562,2.11228747571098,1.66712290245245,0.920093360796772,0.345819504500743,31.6099954875072,46.1031427369302,33.751682301644,37.9745048550219,FALSE,"EVAP",NA,"3_east_3_day_EVAP","okay",2.11228747571098
"121","3_2400_east_3_night_resp","3","2400","east","3","night","resp",20,80,17.2808293245813,10.3035721311475,76.36075,453.928344262295,-0.193350919198507,-0.140420352012326,0.980554559889679,0.0263640682426255,-357.166717324464,-257.618820653493,16.5722626834926,16.8929304281516,FALSE,"EVAP",NA,"3_east_3_night_EVAP","okay",-0.193350919198507
"122","3_2400_east_4_day_redo_resp","3","2400","east","4","day","redo",20,80,26.1792832204194,25.7492661157025,76.3004776859504,455.069760330579,2.2299539197557,-0.760430413268406,0.989613082963631,0.172171036750259,-91.0912244457331,-36.1934312624457,27.6418179107076,31.1955206516496,FALSE,"EVAP",NA,"3_east_4_day_EVAP","okay",2.2299539197557
"123","3_2400_east_4_day_resp","3","2400","east","4","day","resp",20,80,25.6053328992262,25.7931275,76.3106908333333,470.870075,1.1787017039034,0.830472901930939,0.979107465424607,0.176278965755922,-125.592300471828,-33.4110631873013,29.0321880239382,31.1172629858393,TRUE,"EVAP","Redo is better","3_east_4_day_EVAP","discard_this_keep_other_reading",NA
"124","3_2400_east_4_night_resp","3","2400","east","4","night","resp",20,80,16.9792624946671,10.3673319672131,76.3648836065574,448.974532786885,-0.0940745319510187,-0.0440866556185665,0.854429935444616,0.0193408305461401,-313.842599389221,-294.173285227768,16.7124136417185,16.8827966310673,FALSE,"EVAP",NA,"3_east_4_night_EVAP","okay",-0.0940745319510187
"125","3_2400_east_5_day_resp","3","2400","east","5","day","resp",20,80,20.724416498301,20.0045404958678,76.2867768595041,427.145198347107,0.981019565140575,0.621260802940522,0.992434697134244,0.174595752042517,-213.125608054324,-34.543209402116,24.1528003205189,25.7293961736191,FALSE,"EVAP",NA,"3_east_5_day_EVAP","okay",0.981019565140575
"126","3_2400_east_5_night_resp","3","2400","east","5","night","resp",20,80,16.6867787541604,9.92697858267717,76.3312023622047,452.828519685039,-0.096139095893615,-0.0594057731939681,0.927558914072566,0.0211494566758161,-358.910300345273,-283.624582893018,16.2348600060263,16.4167568905941,FALSE,"EVAP",NA,"3_east_5_night_EVAP","okay",-0.096139095893615
"127","3_2400_west_1_day_resp","3","2400","west","1","day","resp",20,80,21.2908311293776,22.6804935483871,76.2179064516129,417.30460483871,0.430536837297628,0.210215036976712,0.57628951440183,0.211811772545656,-33.6703260361499,-11.7426946275586,22.6080226871726,23.7041773375031,FALSE,"EVAP",NA,"3_west_1_day_EVAP","okay",0.430536837297628
"128","3_2400_west_1_night_resp","3","2400","west","1","night","resp",20,80,16.7760073547158,10.5930984375,76.26616953125,466.12453125,-0.12883349528291,-0.0793872830346475,0.934073116899184,0.027910055872152,-328.981915218378,-250.894588558993,16.8210675563715,17.0307908105979,FALSE,"EVAP",NA,"3_west_1_night_EVAP","okay",-0.12883349528291
"129","3_2400_west_2_day_resp","3","2400","west","2","day","resp",10,60,19.6829731586647,22.3637866141732,76.2537015748031,428.571866141732,1.26741792050647,1.07803690355151,0.955873330161041,0.126877677359993,-76.6312147971471,-59.3101049218385,23.3024384683127,25.0679338146437,FALSE,"EVAP","Needed to be cut","3_west_2_day_EVAP","manual_flux_time_selection",1.26741792050647
"130","3_2400_west_2_night_resp","3","2400","west","2","night","resp",20,80,16.888442608265,10.5648830645161,76.263089516129,448.738588709677,-0.156010185895576,-0.0949328803459495,0.932997434889308,0.0350250697731056,-304.580714553111,-224.099498440715,16.5934482178812,16.8421600655985,FALSE,"EVAP",NA,"3_west_2_night_EVAP","okay",-0.156010185895576
"131","3_2400_west_3_day_resp","3","2400","west","3","day","resp",20,80,20.6086550597993,22.6444984848485,76.2658439393939,425.645333333333,0.999857652657507,0.775543165742942,0.947095359670186,0.146799208241578,-88.1854027201171,-55.0053051094369,25.5072363892629,27.2796156494955,FALSE,"EVAP",NA,"3_west_3_day_EVAP","okay",0.999857652657507
"132","3_2400_west_3_night_resp","3","2400","west","3","night","resp",20,80,16.7465919812677,10.3940724409449,76.269242519685,451.782244094488,-0.0731719646100594,-0.0519414889276023,0.920809560320284,0.0135256575906134,-386.034614111264,-336.373624006355,16.5725727093367,16.7062114547612,FALSE,"EVAP",NA,"3_west_3_night_EVAP","okay",-0.0731719646100594
"133","3_2400_west_4_day_redo_resp","3","2400","west","4","day","redo",20,80,12.9991742584,23.9378834710744,76.0717082644628,444.441834710744,0.975173243661207,0.159307078633342,0.934720412454424,0.163262292835754,-76.7681112211261,-42.4628086019375,13.5154309751397,15.1990526162441,FALSE,"EVAP","This is better","3_west_4_day_EVAP","manual_flux_time_selection",0.975173243661207
"134","3_2400_west_4_day_resp","3","2400","west","4","day","resp",20,80,20.4863014107255,22.476664057971,76.2905423188406,437.520008695652,1.20873370933573,0.567491082575995,0.930376517172487,0.35076657164552,-47.3111413009187,47.7792133836565,24.7433504660174,26.6690635967071,TRUE,"EVAP","Redo is better","3_west_4_day_EVAP","discard_this_keep_other_reading",NA
"135","3_2400_west_4_night_resp","3","2400","west","4","night","resp",20,80,16.6518009316667,10.3337540322581,76.2723733870968,469.651201612903,-0.0928451085337871,-0.043636641156964,0.904857327008333,0.0154723411675989,-344.754031129627,-320.506689674478,16.4127278047731,16.5696791421453,FALSE,"EVAP",NA,"3_west_4_night_EVAP","okay",-0.0928451085337871
"136","3_2400_west_5_day_resp","3","2400","west","5","day","resp",20,80,21.1643044012233,23.1749471014493,76.3106130434783,432.944246376812,0.946293019531128,0.491280424613404,0.949746381161903,0.245366478673236,-98.0622355394988,5.60978466834886,25.4862035188123,27.0297805771414,FALSE,"EVAP",NA,"3_west_5_day_EVAP","okay",0.946293019531128
"137","3_2400_west_5_night_resp","3","2400","west","5","night","resp",20,80,16.6566427601287,10.4004012903226,76.2856012903226,453.777025806452,-0.224507005127113,-0.132836141071264,0.971015248159155,0.0470795722392161,-313.833171170933,-189.198035200254,16.428637714239,16.7628609063322,FALSE,"EVAP",NA,"3_west_5_night_EVAP","okay",-0.224507005127113
"138","4_2600_east_1_day_resp","4","2600","east","1","day","resp",20,80,19.0667189855865,23.8740590163934,74.8986713114754,434.971745901639,2.23242992158622,1.59299659183206,0.988040617529953,0.314099568801812,-80.7652721155087,34.7507235911702,26.5938099883677,30.4555252303944,FALSE,"EVAP",NA,"4_east_1_day_EVAP","okay",2.23242992158622
"139","4_2600_east_1_night_resp","4","2600","east","1","night","resp",20,80,18.8626511326143,12.4222968,75.0515016,428.599632,-0.139860028875518,-0.0925806601303121,0.936129210968449,0.0284353722872051,-318.287312948502,-248.694263347354,19.082524079901,19.3292344745709,FALSE,"EVAP",NA,"4_east_1_night_EVAP","okay",-0.139860028875518
"140","4_2600_east_2_day_resp","4","2600","east","2","day","resp",20,80,21.1218124152297,24.4778918032787,74.8948360655738,422.666524590164,3.12876232249191,2.0406470803517,0.994591307187949,0.534589857718819,-88.1376640209396,97.501919763106,26.2366639262727,31.2204039744059,FALSE,"EVAP",NA,"4_east_2_day_EVAP","okay",3.12876232249191
"141","4_2600_east_2_night_resp","4","2600","east","2","night","resp",10,65,20.0611551550322,12.2371648,75.04364,433.895552,0.0908183837798101,0.0706058740075262,0.924677120664804,0.0143895762574921,-339.78306138121,-300.847746322079,20.0789275869431,20.2222329685631,FALSE,"EVAP","Needed to be cut","4_east_2_night_EVAP","manual_flux_time_selection",0.0908183837798101
"142","4_2600_east_3_day_resp","4","2600","east","3","day","resp",20,80,24.471866589181,23.026932231405,74.922458677686,423.193247933884,2.55309163159661,0.218682580786171,0.988431134365519,0.267369004703955,-66.8275252807787,15.7432494435453,26.2148639423809,30.4665684700725,FALSE,"EVAP",NA,"4_east_3_day_EVAP","okay",2.55309163159661
"143","4_2600_east_3_night_redo_resp","4","2600","east","3","night","redo",30,90,20.1967536576657,12.4796223021583,75.0498575539568,423.603776978417,0.0996049690008303,0.0493542889197669,0.791850270083348,0.0338280403783023,-277.395240437066,-228.202833834476,20.2450281674349,20.4329452082612,FALSE,"EVAP","This is better","4_east_3_night_EVAP","manual_flux_time_selection",0.0996049690008303
"144","4_2600_east_3_night_resp","4","2600","east","3","night","resp",20,80,18.8312132255634,12.4485461538462,75.0474903846154,420.163019230769,0.202163259963874,0.062490834539832,0.846719410175874,0.0778615533128588,-213.797373176225,-129.83304992703,12.7051968587505,13.0624269328725,TRUE,"EVAP","signalstrength low for the whole measurement","4_east_3_night_EVAP","suspicious",NA
"145","4_2600_east_4_day_resp","4","2600","east","4","day","resp",20,80,20.9496872948583,23.841725,74.9085709677419,433.795596774194,2.60636121689825,1.6939682147074,0.977881679162366,0.476738037859903,-23.7624749559572,83.9870636821708,27.691137705474,31.9376445486656,FALSE,"EVAP",NA,"4_east_4_day_EVAP","okay",2.60636121689825
"146","4_2600_east_4_night_resp","4","2600","east","4","night","resp",20,80,19.3379232810516,12.308521875,75.04762890625,421.4212734375,-0.995809339210616,-0.23548476682006,0.985793728005516,0.108642790311119,-173.701366997644,-90.5233493857583,17.3549564668727,18.9436916431843,FALSE,"EVAP",NA,"4_east_4_night_EVAP","okay",-0.995809339210616
"147","4_2600_east_5_day_resp","4","2600","east","5","day","resp",20,80,20.5516779185577,22.857625,74.914564516129,429.233862903226,3.15846672246874,1.99999920135529,0.995119815142152,0.565956977616665,-93.9876597331859,104.230071166332,24.9958564542503,30.0804080766545,FALSE,"EVAP",NA,"4_east_5_day_EVAP","okay",3.15846672246874
"148","4_2600_east_5_night_resp","4","2600","east","5","night","resp",20,80,19.4950082879868,12.0144386363636,75.0522303030303,415.831901515152,0.0378101073276708,0.100395971880964,0.508684678687167,0.0158075399758402,-316.387775922768,-317.977589686051,19.5482055645718,19.6484211457952,FALSE,"EVAP",NA,"4_east_5_night_EVAP","okay",0.0378101073276708
"149","4_2600_west_1_day_resp","4","2600","west","1","day","resp",10,60,17.9501477524534,14.5501458646617,74.8425278195489,401.438390977444,0.523053739811056,0.667686742058643,0.941457154526985,0.0466854866671742,-152.542088127057,-157.289536049704,18.6021193443136,19.337650703975,FALSE,"EVAP","Needed to be cut","4_west_1_day_EVAP","manual_flux_time_selection",0.523053739811056
"150","4_2600_west_1_night_resp","4","2600","west","1","night","resp",20,80,20.5814648967959,13.4744837209302,74.9724294573643,421.882782945736,0.00113100275169334,-0.660662958866757,0.00092559093750416,0.0177511402692673,-315.63794688339,-304.293989373077,20.7036465556406,20.7780390629298,FALSE,"EVAP",NA,"4_west_1_night_EVAP","okay",0.00113100275169334
"151","4_2600_west_2_day_resp","4","2600","west","2","day","resp",20,80,18.3980566266995,16.1663115702479,74.8423859504132,398.117603305785,0.44299651348663,0.314976022854142,0.945920295322168,0.0820004275548679,-186.486888421621,-123.721573952479,19.5831332401434,20.3149814379197,FALSE,"EVAP","Looks good","4_west_2_day_EVAP","okay",0.44299651348663
"152","4_2600_west_2_night_redo_resp","4","2600","west","2","night","redo",20,80,20.1899888592057,13.1872308943089,74.9880008130081,422.838,0.206008869508399,0.139729410050548,0.944963913163128,0.0390564757579469,-280.264129034041,-211.244034379133,20.2843757017643,20.6522866285569,FALSE,"EVAP",NA,"4_west_2_night_EVAP","okay",0.206008869508399
"153","4_2600_west_3_day_resp","4","2600","west","3","day","resp",10,50,17.5368942569343,16.0746991735537,74.8421330578512,407.106545454545,0.0178192361968268,NA,0.0349834946955183,NA,-166.145789274989,NA,19.394074201083,19.5569372591169,FALSE,"EVAP","Needed to be cut","4_west_3_day_EVAP","manual_flux_time_selection",0.0178192361968268
"154","4_2600_west_3_night_resp","4","2600","west","3","night","resp",20,80,19.5376577378431,12.91061015625,74.98558125,419.2295859375,0.23800266020652,0.157589542854799,0.931899613645778,0.0489828662699784,-248.924027603491,-184.521533247597,20.0350178021611,20.446898596559,FALSE,"EVAP",NA,"4_west_3_night_EVAP","okay",0.23800266020652
"155","4_2600_west_4_day_resp","4","2600","west","4","day","resp",20,80,17.7498920213461,18.1681146341463,74.8642723577236,405.135146341463,1.07126355182653,0.814748352753057,0.959538629167411,0.154671059290301,-96.5201449766727,-48.8415820687736,20.2689694273342,22.0289134023659,FALSE,"EVAP",NA,"4_west_4_day_EVAP","okay",1.07126355182653
"156","4_2600_west_4_night_resp","4","2600","west","4","night","resp",20,80,19.9665389399939,12.8145408,74.9937144,422.328848,-0.123855692184347,-0.0667255583879444,0.813483651460552,0.0391117990898168,-258.914784065434,-211.077006150267,19.8436069828692,20.1019245038887,FALSE,"EVAP",NA,"4_west_4_night_EVAP","okay",-0.123855692184347
"157","4_2600_west_5_day_resp","4","2600","west","5","day","resp",20,80,17.4183292949537,19.260079338843,74.8606380165289,403.466603305785,1.62824244075993,1.15357723645072,0.989755938976171,0.233706391499052,-130.664951984693,-0.135320730720062,20.5090687028136,23.1763773949234,FALSE,"EVAP",NA,"4_west_5_day_EVAP","okay",1.62824244075993
"158","4_2600_west_5_night_resp","4","2600","west","5","night","resp",20,80,20.282654598067,12.8139884057971,74.9921362318841,423.491072463768,0.11808321200149,0.0698115096512105,0.954326475908376,0.0263400915696597,-360.302700329788,-257.726184004516,20.4257604034192,20.597598676734,FALSE,"EVAP",NA,"4_west_5_night_EVAP","okay",0.11808321200149
"159","5_2800_east_1_day_resp","5","2800","east","1","day","resp",20,80,12.4116461917106,21.757568852459,73.1348631147541,436.40487704918,1.42133071301296,0.969965527529207,0.985452490213713,0.237551492861996,-121.702856668453,1.79030022899471,15.4394522394654,17.8459956259086,FALSE,"EVAP",NA,"5_east_1_day_EVAP","okay",1.42133071301296
"160","5_2800_east_1_night_resp","5","2800","east","1","night","resp",20,80,18.5331063285425,10.3898544715447,73.1128097560976,433.357284552846,-0.29950973167817,-0.208882340464933,0.990366688028606,0.0441165895729607,-341.887623139066,-196.868425074078,18.0282625006235,18.5356167136398,FALSE,"EVAP",NA,"5_east_1_night_EVAP","okay",-0.29950973167817
"161","5_2800_east_2_day_resp","5","2800","east","2","day","resp",20,80,12.4958173051669,23.3406388429752,73.1264619834711,446.569256198347,1.69509404042374,1.0353843114954,0.982984433654284,0.352333306628982,-89.8338451711977,48.3050989363533,17.2961712329192,20.5449996050491,FALSE,"EVAP",NA,"5_east_2_day_EVAP","okay",1.69509404042374
"162","5_2800_east_2_night_resp","5","2800","east","2","night","resp",25,80,17.3880365754795,10.5193842975207,73.1209429752066,444.574553719008,0.170827284315332,0.0857668741765023,0.983527876247093,0.0393425804112535,-355.373343365619,-192.220986691256,17.4316565720489,17.6795359706973,FALSE,"EVAP","low signalstrength in the beginning","5_east_2_night_EVAP","manual_flux_time_selection",0.170827284315332
"163","5_2800_east_3_day_resp","5","2800","east","3","day","resp",20,80,13.0302336757675,23.7094165289256,73.1164553719008,446.900776859504,1.8328695950979,1.22319077996423,0.986883819938823,0.322182348972438,-96.2505612280661,37.7488266068011,17.6165710310613,20.6664543680442,FALSE,"EVAP",NA,"5_east_3_day_EVAP","okay",1.8328695950979
"164","5_2800_east_3_night_resp","5","2800","east","3","night","resp",20,80,17.7869565528379,10.4614860294118,73.1246897058823,419.541205882353,0.070641867407258,0.0339367037016523,0.852818380424257,0.0213811921838903,-342.674442707589,-282.338683839282,18.3463236984872,18.4965076773248,FALSE,"EVAP",NA,"5_east_3_night_EVAP","okay",0.070641867407258
"165","5_2800_east_4_day_resp","5","2800","east","4","day","resp",20,80,12.3774822723371,21.2777058333333,73.1247875,420.726391666667,1.75682575404931,-1.28537687095712,0.994433090758814,0.18074657391589,-155.179839332152,-30.4577434775687,15.3264543612282,18.1920371273544,FALSE,"EVAP",NA,"5_east_4_day_EVAP","okay",1.75682575404931
"166","5_2800_east_4_night_resp","5","2800","east","4","night","resp",20,80,18.4741226100118,10.4943132231405,73.1310752066116,420.980603305785,-0.0291817110960431,-0.0376876495436318,0.454592145535052,0.0149823730313844,-332.249071014747,-324.30388368528,18.400044646658,18.5049101612466,FALSE,"EVAP",NA,"5_east_4_night_EVAP","okay",-0.0291817110960431
"167","5_2800_east_5_day_resp","5","2800","east","5","day","resp",20,80,12.0888877411313,22.009894214876,73.1210958677686,422.394148760331,1.9930509628459,-2.42015736875905,0.989947144834955,0.188791364481289,-103.151576442082,-25.319243774624,18.6257760400475,22.0312114023525,FALSE,"EVAP",NA,"5_east_5_day_EVAP","okay",1.9930509628459
"168","5_2800_east_5_night_resp","5","2800","east","5","night","resp",20,80,8.90664955044234,10.3105347107438,73.1325421487603,415.415619834711,0.0138729724721832,0.00939847798697685,0.324237351048093,0.00999073231507319,-389.363544413763,-372.1194288052,18.1176064299421,18.1778343296373,FALSE,"EVAP",NA,"5_east_5_night_EVAP","okay",0.0138729724721832
"169","5_2800_west_1_day_resp","5","2800","west","1","day","resp",20,80,12.8660006896616,22.937815625,72.9761203125,425.250828125,2.39877433046023,1.62760251816407,0.993714067627349,0.389890979754431,-108.794738444528,60.2572646026505,18.4646624843755,22.5297037209958,FALSE,"EVAP",NA,"5_west_1_day_EVAP","okay",2.39877433046023
"170","5_2800_west_1_night_resp","5","2800","west","1","night","resp",20,80,17.7237123614483,10.2856991735537,72.9905834710744,409.178818181818,0.0164402298060512,0.0166340255943247,0.323600082645011,0.0115658627170286,-368.245440670463,-354.844229353812,17.4335198763778,17.5022598725192,FALSE,"EVAP",NA,"5_west_1_night_EVAP","okay",0.0164402298060512
"171","5_2800_west_2_day_resp","5","2800","west","2","day","resp",20,80,12.333360095979,21.4096057377049,72.9753885245902,425.704032786885,1.33807676834707,0.912477439250738,0.963142292353917,0.249811609240626,-70.8392928940369,7.72837395896203,17.2753703390986,19.4799163985689,FALSE,"EVAP",NA,"5_west_2_day_EVAP","okay",1.33807676834707
"172","5_2800_west_2_night_resp","5","2800","west","2","night","resp",10,55,15.8382251160494,10.83577,72.9993766666667,411.9903,1.36504015047349,1.12399585548855,0.987394319759413,0.0960499679895358,-129.975344346867,-77.3543213931259,16.2019168819999,17.8886810473301,FALSE,"EVAP","Saturated after 55 sec","5_west_2_night_EVAP","manual_flux_time_selection",1.36504015047349
"173","5_2800_west_3_day_resp","5","2800","west","3","day","resp",20,80,11.4722598882795,19.5529293650794,72.9898865079365,423.541587301587,1.49417645779822,-0.506578456192159,0.980723263825424,0.173795856971059,-98.8148004077873,-35.085058182879,14.1639146483706,16.7910846130835,FALSE,"EVAP",NA,"5_west_3_day_EVAP","okay",1.49417645779822
"174","5_2800_west_3_night_resp","5","2800","west","3","night","resp",50,100,17.7781439593176,10.9253780487805,73.0066666666667,410.555894308943,-0.835916698960713,0.266735134496461,0.994049222179207,0.0774171658022266,-222.85031142014,-107.723566642955,16.5290675978615,17.589751161655,FALSE,"EVAP","Needed to be cut","5_west_3_night_EVAP","manual_flux_time_selection",-0.835916698960713
"175","5_2800_west_4_day_resp","5","2800","west","4","day","resp",20,80,11.2180451246484,20.5322768595041,72.9922685950413,417.214818181818,0.603291051996904,0.449783749782302,0.960924660732989,0.0913236233108256,-164.710613941863,-111.014739631466,15.3570726524538,16.5328909382192,FALSE,"EVAP","Looks good","5_west_4_day_EVAP","okay",0.603291051996904
"176","5_2800_west_4_night_resp","5","2800","west","4","night","resp",10,60,16.9177488050952,11.0675603305785,73.0148314049587,411.55532231405,0.0698788006666967,0.0556466410784621,0.343766741865001,0.0394248056391362,-181.945171829574,-173.855273320895,16.9027541997575,17.0962694841318,FALSE,"EVAP","Needed to be cut","5_west_4_night_EVAP","manual_flux_time_selection",0.0698788006666967
"177","5_2800_west_5_day_resp","5","2800","west","5","day","resp",20,80,11.3474721208323,20.7833564516129,73.0116459677419,427.199596774194,0.926840289641567,0.777779657504512,0.927870617443474,0.137980255807442,-72.7278036222231,-62.316009464618,16.6920500781836,18.3821024641079,FALSE,"EVAP",NA,"5_west_5_day_EVAP","okay",0.926840289641567
"178","5_2800_west_5_night_resp","5","2800","west","5","night","resp",20,60,13.5563630573405,11.0894475409836,73.0182204918033,412.008008196721,1.04876239144171,0.644020785828851,0.983836358595597,0.132860733626794,-135.855760050402,-42.8152975826077,16.2302127274704,17.3728624741816,FALSE,"EVAP","Needed to be cut","5_west_5_night_EVAP","manual_flux_time_selection",1.04876239144171
