plotID,site,elevation,aspect,SoilEvap,fluxType,fluxValue
2800west5,5,2800,west,-0.0172741146681648,NEE,
2800west5,5,2800,west,-0.0172741146681648,DayReco,
2800west5,5,2800,west,-0.0172741146681648,NightReco,-6.18759501102913
2800west5,5,2800,west,-0.0172741146681648,SoilResp,0.971226446986958
2800west5,5,2800,west,-0.0172741146681648,GPP,
2800west5,5,2800,west,-0.0172741146681648,NPP,
2800west5,5,2800,west,-0.0172741146681648,ET,
2800west5,5,2800,west,-0.0172741146681648,DayEvap,
2800west5,5,2800,west,-0.0172741146681648,NightEvap,-6.18759501102913
2800west5,5,2800,west,-0.0172741146681648,TRANS,
2800west5,5,2800,west,-0.0172741146681648,CUE,
2800west5,5,2800,west,-0.0172741146681648,WUE,
2800west4,5,2800,west,-0.00639627821847782,NEE,-6.8598166773213
2800west4,5,2800,west,-0.00639627821847782,DayReco,-4.76235950712928
2800west4,5,2800,west,-0.00639627821847782,NightReco,-2.82258729308755
2800west4,5,2800,west,-0.00639627821847782,SoilResp,3.00407627367103
2800west4,5,2800,west,-0.00639627821847782,GPP,-2.09745717019203
2800west4,5,2800,west,-0.00639627821847782,NPP,-5.10153344386306
2800west4,5,2800,west,-0.00639627821847782,ET,-6.8598166773213
2800west4,5,2800,west,-0.00639627821847782,DayEvap,-4.76235950712928
2800west4,5,2800,west,-0.00639627821847782,NightEvap,-2.82258729308755
2800west4,5,2800,west,-0.00639627821847782,TRANS,-2.09745717019203
2800west4,5,2800,west,-0.00639627821847782,CUE,2.43224677784291
2800west4,5,2800,west,-0.00639627821847782,WUE,2.43224677784291
2800west3,5,2800,west,-0.0227439703977211,NEE,1.05413453339507
2800west3,5,2800,west,-0.0227439703977211,DayReco,-5.90240093050678
2800west3,5,2800,west,-0.0227439703977211,NightReco,
2800west3,5,2800,west,-0.0227439703977211,SoilResp,1.5231269196796
2800west3,5,2800,west,-0.0227439703977211,GPP,6.95653546390185
2800west3,5,2800,west,-0.0227439703977211,NPP,5.43340854422225
2800west3,5,2800,west,-0.0227439703977211,ET,1.05413453339507
2800west3,5,2800,west,-0.0227439703977211,DayEvap,-5.90240093050678
2800west3,5,2800,west,-0.0227439703977211,NightEvap,
2800west3,5,2800,west,-0.0227439703977211,TRANS,6.95653546390185
2800west3,5,2800,west,-0.0227439703977211,CUE,0.781050937268521
2800west3,5,2800,west,-0.0227439703977211,WUE,0.781050937268521
2800west2,5,2800,west,-0.0103327988844388,NEE,
2800west2,5,2800,west,-0.0103327988844388,DayReco,-4.52699597258884
2800west2,5,2800,west,-0.0103327988844388,NightReco,-6.57458314717536
2800west2,5,2800,west,-0.0103327988844388,SoilResp,1.46233802025642
2800west2,5,2800,west,-0.0103327988844388,GPP,
2800west2,5,2800,west,-0.0103327988844388,NPP,
2800west2,5,2800,west,-0.0103327988844388,ET,
2800west2,5,2800,west,-0.0103327988844388,DayEvap,-4.52699597258884
2800west2,5,2800,west,-0.0103327988844388,NightEvap,-6.57458314717536
2800west2,5,2800,west,-0.0103327988844388,TRANS,
2800west2,5,2800,west,-0.0103327988844388,CUE,
2800west2,5,2800,west,-0.0103327988844388,WUE,
2800west1,5,2800,west,-0.0201070706873712,NEE,2.83417537802986
2800west1,5,2800,west,-0.0201070706873712,DayReco,-11.860090269127
2800west1,5,2800,west,-0.0201070706873712,NightReco,-4.32692229472251
2800west1,5,2800,west,-0.0201070706873712,SoilResp,1.19767709959173
2800west1,5,2800,west,-0.0201070706873712,GPP,14.6942656471569
2800west1,5,2800,west,-0.0201070706873712,NPP,13.4965885475651
2800west1,5,2800,west,-0.0201070706873712,ET,2.83417537802986
2800west1,5,2800,west,-0.0201070706873712,DayEvap,-11.860090269127
2800west1,5,2800,west,-0.0201070706873712,NightEvap,-4.32692229472251
2800west1,5,2800,west,-0.0201070706873712,TRANS,14.6942656471569
2800west1,5,2800,west,-0.0201070706873712,CUE,0.918493572366887
2800west1,5,2800,west,-0.0201070706873712,WUE,0.918493572366887
2800east5,5,2800,east,-0.00738233951464485,NEE,
2800east5,5,2800,east,-0.00738233951464485,DayReco,-7.17419543649017
2800east5,5,2800,east,-0.00738233951464485,NightReco,-2.59520005883232
2800east5,5,2800,east,-0.00738233951464485,SoilResp,0.740615067655109
2800east5,5,2800,east,-0.00738233951464485,GPP,
2800east5,5,2800,east,-0.00738233951464485,NPP,
2800east5,5,2800,east,-0.00738233951464485,ET,
2800east5,5,2800,east,-0.00738233951464485,DayEvap,-7.17419543649017
2800east5,5,2800,east,-0.00738233951464485,NightEvap,-2.59520005883232
2800east5,5,2800,east,-0.00738233951464485,TRANS,
2800east5,5,2800,east,-0.00738233951464485,CUE,
2800east5,5,2800,east,-0.00738233951464485,WUE,
2800east4,5,2800,east,-0.0178537519400828,NEE,
2800east4,5,2800,east,-0.0178537519400828,DayReco,-5.11052346739094
2800east4,5,2800,east,-0.0178537519400828,NightReco,3.67442765744211
2800east4,5,2800,east,-0.0178537519400828,SoilResp,0.762900427701872
2800east4,5,2800,east,-0.0178537519400828,GPP,
2800east4,5,2800,east,-0.0178537519400828,NPP,
2800east4,5,2800,east,-0.0178537519400828,ET,
2800east4,5,2800,east,-0.0178537519400828,DayEvap,-5.11052346739094
2800east4,5,2800,east,-0.0178537519400828,NightEvap,3.67442765744211
2800east4,5,2800,east,-0.0178537519400828,TRANS,
2800east4,5,2800,east,-0.0178537519400828,CUE,
2800east4,5,2800,east,-0.0178537519400828,WUE,
2800east3,5,2800,east,-0.0121027158925209,NEE,
2800east3,5,2800,east,-0.0121027158925209,DayReco,-10.7269248905351
2800east3,5,2800,east,-0.0121027158925209,NightReco,
2800east3,5,2800,east,-0.0121027158925209,SoilResp,1.01270432074769
2800east3,5,2800,east,-0.0121027158925209,GPP,
2800east3,5,2800,east,-0.0121027158925209,NPP,
2800east3,5,2800,east,-0.0121027158925209,ET,
2800east3,5,2800,east,-0.0121027158925209,DayEvap,-10.7269248905351
2800east3,5,2800,east,-0.0121027158925209,NightEvap,
2800east3,5,2800,east,-0.0121027158925209,TRANS,
2800east3,5,2800,east,-0.0121027158925209,CUE,
2800east3,5,2800,east,-0.0121027158925209,WUE,
2800east2,5,2800,east,-0.0162242097674327,NEE,
2800east2,5,2800,east,-0.0162242097674327,DayReco,-15.2308152076717
2800east2,5,2800,east,-0.0162242097674327,NightReco,-1.97052664995771
2800east2,5,2800,east,-0.0162242097674327,SoilResp,1.30492028591898
2800east2,5,2800,east,-0.0162242097674327,GPP,
2800east2,5,2800,east,-0.0162242097674327,NPP,
2800east2,5,2800,east,-0.0162242097674327,ET,
2800east2,5,2800,east,-0.0162242097674327,DayEvap,-15.2308152076717
2800east2,5,2800,east,-0.0162242097674327,NightEvap,-1.97052664995771
2800east2,5,2800,east,-0.0162242097674327,TRANS,
2800east2,5,2800,east,-0.0162242097674327,CUE,
2800east2,5,2800,east,-0.0162242097674327,WUE,
2800east1,5,2800,east,-0.00890357502102561,NEE,-2.34489450554593
2800east1,5,2800,east,-0.00890357502102561,DayReco,-8.76297825172332
2800east1,5,2800,east,-0.00890357502102561,NightReco,-5.29861182554387
2800east1,5,2800,east,-0.00890357502102561,SoilResp,1.45640539351758
2800east1,5,2800,east,-0.00890357502102561,GPP,6.41808374617738
2800east1,5,2800,east,-0.00890357502102561,NPP,4.9616783526598
2800east1,5,2800,east,-0.00890357502102561,ET,-2.34489450554593
2800east1,5,2800,east,-0.00890357502102561,DayEvap,-8.76297825172332
2800east1,5,2800,east,-0.00890357502102561,NightEvap,-5.29861182554387
2800east1,5,2800,east,-0.00890357502102561,TRANS,6.41808374617738
2800east1,5,2800,east,-0.00890357502102561,CUE,0.773077845176916
2800east1,5,2800,east,-0.00890357502102561,WUE,0.773077845176916
2600west5,4,2600,west,-0.00268974267207418,NEE,
2600west5,4,2600,west,-0.00268974267207418,DayReco,-6.27355520381723
2600west5,4,2600,west,-0.00268974267207418,NightReco,
2600west5,4,2600,west,-0.00268974267207418,SoilResp,0.708655921493805
2600west5,4,2600,west,-0.00268974267207418,GPP,
2600west5,4,2600,west,-0.00268974267207418,NPP,
2600west5,4,2600,west,-0.00268974267207418,ET,
2600west5,4,2600,west,-0.00268974267207418,DayEvap,-6.27355520381723
2600west5,4,2600,west,-0.00268974267207418,NightEvap,
2600west5,4,2600,west,-0.00268974267207418,TRANS,
2600west5,4,2600,west,-0.00268974267207418,CUE,
2600west5,4,2600,west,-0.00268974267207418,WUE,
2600west4,4,2600,west,-0.00731943900348092,NEE,3.93113967439212
2600west4,4,2600,west,-0.00731943900348092,DayReco,-5.47265846746261
2600west4,4,2600,west,-0.00731943900348092,NightReco,
2600west4,4,2600,west,-0.00731943900348092,SoilResp,0.311862962009984
2600west4,4,2600,west,-0.00731943900348092,GPP,9.40379814185474
2600west4,4,2600,west,-0.00731943900348092,NPP,9.09193517984475
2600west4,4,2600,west,-0.00731943900348092,ET,3.93113967439212
2600west4,4,2600,west,-0.00731943900348092,DayEvap,-5.47265846746261
2600west4,4,2600,west,-0.00731943900348092,NightEvap,
2600west4,4,2600,west,-0.00731943900348092,TRANS,9.40379814185474
2600west4,4,2600,west,-0.00731943900348092,CUE,0.966836489117952
2600west4,4,2600,west,-0.00731943900348092,WUE,0.966836489117952
2600west3,4,2600,west,-0.00528529108604215,NEE,3.99185247546409
2600west3,4,2600,west,-0.00528529108604215,DayReco,
2600west3,4,2600,west,-0.00528529108604215,NightReco,
2600west3,4,2600,west,-0.00528529108604215,SoilResp,0.559442555190331
2600west3,4,2600,west,-0.00528529108604215,GPP,
2600west3,4,2600,west,-0.00528529108604215,NPP,
2600west3,4,2600,west,-0.00528529108604215,ET,3.99185247546409
2600west3,4,2600,west,-0.00528529108604215,DayEvap,
2600west3,4,2600,west,-0.00528529108604215,NightEvap,
2600west3,4,2600,west,-0.00528529108604215,TRANS,
2600west3,4,2600,west,-0.00528529108604215,CUE,
2600west3,4,2600,west,-0.00528529108604215,WUE,
2600west2,4,2600,west,-0.00474428316920131,NEE,
2600west2,4,2600,west,-0.00474428316920131,DayReco,
2600west2,4,2600,west,-0.00474428316920131,NightReco,
2600west2,4,2600,west,-0.00474428316920131,SoilResp,0.293616354514056
2600west2,4,2600,west,-0.00474428316920131,GPP,
2600west2,4,2600,west,-0.00474428316920131,NPP,
2600west2,4,2600,west,-0.00474428316920131,ET,
2600west2,4,2600,west,-0.00474428316920131,DayEvap,
2600west2,4,2600,west,-0.00474428316920131,NightEvap,
2600west2,4,2600,west,-0.00474428316920131,TRANS,
2600west2,4,2600,west,-0.00474428316920131,CUE,
2600west2,4,2600,west,-0.00474428316920131,WUE,
2600west1,4,2600,west,-0.0129643544885714,NEE,2.30144996514992
2600west1,4,2600,west,-0.0129643544885714,DayReco,
2600west1,4,2600,west,-0.0129643544885714,NightReco,-5.91264811212122
2600west1,4,2600,west,-0.0129643544885714,SoilResp,0.318106514389066
2600west1,4,2600,west,-0.0129643544885714,GPP,
2600west1,4,2600,west,-0.0129643544885714,NPP,
2600west1,4,2600,west,-0.0129643544885714,ET,2.30144996514992
2600west1,4,2600,west,-0.0129643544885714,DayEvap,
2600west1,4,2600,west,-0.0129643544885714,NightEvap,-5.91264811212122
2600west1,4,2600,west,-0.0129643544885714,TRANS,
2600west1,4,2600,west,-0.0129643544885714,CUE,
2600west1,4,2600,west,-0.0129643544885714,WUE,
2600east5,4,2600,east,0.000212663277245137,NEE,
2600east5,4,2600,east,0.000212663277245137,DayReco,-24.7319009647221
2600east5,4,2600,east,0.000212663277245137,NightReco,
2600east5,4,2600,east,0.000212663277245137,SoilResp,0.83559474313848
2600east5,4,2600,east,0.000212663277245137,GPP,
2600east5,4,2600,east,0.000212663277245137,NPP,
2600east5,4,2600,east,0.000212663277245137,ET,
2600east5,4,2600,east,0.000212663277245137,DayEvap,-24.7319009647221
2600east5,4,2600,east,0.000212663277245137,NightEvap,
2600east5,4,2600,east,0.000212663277245137,TRANS,
2600east5,4,2600,east,0.000212663277245137,CUE,
2600east5,4,2600,east,0.000212663277245137,WUE,
2600east4,4,2600,east,-0.00298574812323978,NEE,
2600east4,4,2600,east,-0.00298574812323978,DayReco,-14.3657776766717
2600east4,4,2600,east,-0.00298574812323978,NightReco,-3.24015164288077
2600east4,4,2600,east,-0.00298574812323978,SoilResp,0.80949874412781
2600east4,4,2600,east,-0.00298574812323978,GPP,
2600east4,4,2600,east,-0.00298574812323978,NPP,
2600east4,4,2600,east,-0.00298574812323978,ET,
2600east4,4,2600,east,-0.00298574812323978,DayEvap,-14.3657776766717
2600east4,4,2600,east,-0.00298574812323978,NightEvap,-3.24015164288077
2600east4,4,2600,east,-0.00298574812323978,TRANS,
2600east4,4,2600,east,-0.00298574812323978,CUE,
2600east4,4,2600,east,-0.00298574812323978,WUE,
2600east3,4,2600,east,0.00159192744771635,NEE,5.62572403582294
2600east3,4,2600,east,0.00159192744771635,DayReco,-12.3768525175529
2600east3,4,2600,east,0.00159192744771635,NightReco,-4.85901349837399
2600east3,4,2600,east,0.00159192744771635,SoilResp,0.398799707236839
2600east3,4,2600,east,0.00159192744771635,GPP,18.0025765533758
2600east3,4,2600,east,0.00159192744771635,NPP,17.603776846139
2600east3,4,2600,east,0.00159192744771635,ET,5.62572403582294
2600east3,4,2600,east,0.00159192744771635,DayEvap,-12.3768525175529
2600east3,4,2600,east,0.00159192744771635,NightEvap,-4.85901349837399
2600east3,4,2600,east,0.00159192744771635,TRANS,18.0025765533758
2600east3,4,2600,east,0.00159192744771635,CUE,0.977847631640147
2600east3,4,2600,east,0.00159192744771635,WUE,0.977847631640147
2600east2,4,2600,east,0.00288970632981098,NEE,-4.37383821094377
2600east2,4,2600,east,0.00288970632981098,DayReco,-15.5118151280259
2600east2,4,2600,east,0.00288970632981098,NightReco,-10.9644703035368
2600east2,4,2600,east,0.00288970632981098,SoilResp,1.16602198760236
2600east2,4,2600,east,0.00288970632981098,GPP,11.1379769170822
2600east2,4,2600,east,0.00288970632981098,NPP,9.9719549294798
2600east2,4,2600,east,0.00288970632981098,ET,-4.37383821094377
2600east2,4,2600,east,0.00288970632981098,DayEvap,-15.5118151280259
2600east2,4,2600,east,0.00288970632981098,NightEvap,-10.9644703035368
2600east2,4,2600,east,0.00288970632981098,TRANS,11.1379769170822
2600east2,4,2600,east,0.00288970632981098,CUE,0.895311150644059
2600east2,4,2600,east,0.00288970632981098,WUE,0.895311150644059
2600east1,4,2600,east,0.00705665816197025,NEE,4.74761241210605
2600east1,4,2600,east,0.00705665816197025,DayReco,
2600east1,4,2600,east,0.00705665816197025,NightReco,-9.37441490190391
2600east1,4,2600,east,0.00705665816197025,SoilResp,0.378213785572747
2600east1,4,2600,east,0.00705665816197025,GPP,
2600east1,4,2600,east,0.00705665816197025,NPP,
2600east1,4,2600,east,0.00705665816197025,ET,4.74761241210605
2600east1,4,2600,east,0.00705665816197025,DayEvap,
2600east1,4,2600,east,0.00705665816197025,NightEvap,-9.37441490190391
2600east1,4,2600,east,0.00705665816197025,TRANS,
2600east1,4,2600,east,0.00705665816197025,CUE,
2600east1,4,2600,east,0.00705665816197025,WUE,
2400west5,3,2400,west,-0.0184633340441426,NEE,-8.60596655312758
2400west5,3,2400,west,-0.0184633340441426,DayReco,-10.5759700221991
2400west5,3,2400,west,-0.0184633340441426,NightReco,
2400west5,3,2400,west,-0.0184633340441426,SoilResp,0.967993236941923
2400west5,3,2400,west,-0.0184633340441426,GPP,1.97000346907154
2400west5,3,2400,west,-0.0184633340441426,NPP,1.00201023212962
2400west5,3,2400,west,-0.0184633340441426,ET,-8.60596655312758
2400west5,3,2400,west,-0.0184633340441426,DayEvap,-10.5759700221991
2400west5,3,2400,west,-0.0184633340441426,NightEvap,
2400west5,3,2400,west,-0.0184633340441426,TRANS,1.97000346907154
2400west5,3,2400,west,-0.0184633340441426,CUE,0.508633739920196
2400west5,3,2400,west,-0.0184633340441426,WUE,0.508633739920196
2400west4,3,2400,west,-0.0185233713149245,NEE,
2400west4,3,2400,west,-0.0185233713149245,DayReco,
2400west4,3,2400,west,-0.0185233713149245,NightReco,
2400west4,3,2400,west,-0.0185233713149245,SoilResp,1.25662670840564
2400west4,3,2400,west,-0.0185233713149245,GPP,
2400west4,3,2400,west,-0.0185233713149245,NPP,
2400west4,3,2400,west,-0.0185233713149245,ET,
2400west4,3,2400,west,-0.0185233713149245,DayEvap,
2400west4,3,2400,west,-0.0185233713149245,NightEvap,
2400west4,3,2400,west,-0.0185233713149245,TRANS,
2400west4,3,2400,west,-0.0185233713149245,CUE,
2400west4,3,2400,west,-0.0185233713149245,WUE,
2400west3,3,2400,west,-0.00881098168126798,NEE,3.17682442417697
2400west3,3,2400,west,-0.00881098168126798,DayReco,-7.39176602332118
2400west3,3,2400,west,-0.00881098168126798,NightReco,
2400west3,3,2400,west,-0.00881098168126798,SoilResp,1.36429397071835
2400west3,3,2400,west,-0.00881098168126798,GPP,10.5685904474982
2400west3,3,2400,west,-0.00881098168126798,NPP,9.2042964767798
2400west3,3,2400,west,-0.00881098168126798,ET,3.17682442417697
2400west3,3,2400,west,-0.00881098168126798,DayEvap,-7.39176602332118
2400west3,3,2400,west,-0.00881098168126798,NightEvap,
2400west3,3,2400,west,-0.00881098168126798,TRANS,10.5685904474982
2400west3,3,2400,west,-0.00881098168126798,CUE,0.870910508123502
2400west3,3,2400,west,-0.00881098168126798,WUE,0.870910508123502
2400west2,3,2400,west,-0.0244128160916116,NEE,-2.80743623858167
2400west2,3,2400,west,-0.0244128160916116,DayReco,-2.70536188949798
2400west2,3,2400,west,-0.0244128160916116,NightReco,
2400west2,3,2400,west,-0.0244128160916116,SoilResp,1.63918761010873
2400west2,3,2400,west,-0.0244128160916116,GPP,-0.10207434908369
2400west2,3,2400,west,-0.0244128160916116,NPP,-1.74126195919242
2400west2,3,2400,west,-0.0244128160916116,ET,-2.80743623858167
2400west2,3,2400,west,-0.0244128160916116,DayEvap,-2.70536188949798
2400west2,3,2400,west,-0.0244128160916116,NightEvap,
2400west2,3,2400,west,-0.0244128160916116,TRANS,-0.10207434908369
2400west2,3,2400,west,-0.0244128160916116,CUE,17.058761332534
2400west2,3,2400,west,-0.0244128160916116,WUE,17.058761332534
2400west1,3,2400,west,-0.0171353675574256,NEE,
2400west1,3,2400,west,-0.0171353675574256,DayReco,-3.89240451449874
2400west1,3,2400,west,-0.0171353675574256,NightReco,
2400west1,3,2400,west,-0.0171353675574256,SoilResp,2.05308894772806
2400west1,3,2400,west,-0.0171353675574256,GPP,
2400west1,3,2400,west,-0.0171353675574256,NPP,
2400west1,3,2400,west,-0.0171353675574256,ET,
2400west1,3,2400,west,-0.0171353675574256,DayEvap,-3.89240451449874
2400west1,3,2400,west,-0.0171353675574256,NightEvap,
2400west1,3,2400,west,-0.0171353675574256,TRANS,
2400west1,3,2400,west,-0.0171353675574256,CUE,
2400west1,3,2400,west,-0.0171353675574256,WUE,
2400east5,3,2400,east,-0.00654889403251933,NEE,
2400east5,3,2400,east,-0.00654889403251933,DayReco,-5.79436411220552
2400east5,3,2400,east,-0.00654889403251933,NightReco,-7.06065784464118
2400east5,3,2400,east,-0.00654889403251933,SoilResp,1.29045693589449
2400east5,3,2400,east,-0.00654889403251933,GPP,
2400east5,3,2400,east,-0.00654889403251933,NPP,
2400east5,3,2400,east,-0.00654889403251933,ET,
2400east5,3,2400,east,-0.00654889403251933,DayEvap,-5.79436411220552
2400east5,3,2400,east,-0.00654889403251933,NightEvap,-7.06065784464118
2400east5,3,2400,east,-0.00654889403251933,TRANS,
2400east5,3,2400,east,-0.00654889403251933,CUE,
2400east5,3,2400,east,-0.00654889403251933,WUE,
2400east4,3,2400,east,-0.00504089351451166,NEE,
2400east4,3,2400,east,-0.00504089351451166,DayReco,-13.1861924240753
2400east4,3,2400,east,-0.00504089351451166,NightReco,-4.74812214854362
2400east4,3,2400,east,-0.00504089351451166,SoilResp,1.10976727929196
2400east4,3,2400,east,-0.00504089351451166,GPP,
2400east4,3,2400,east,-0.00504089351451166,NPP,
2400east4,3,2400,east,-0.00504089351451166,ET,
2400east4,3,2400,east,-0.00504089351451166,DayEvap,-13.1861924240753
2400east4,3,2400,east,-0.00504089351451166,NightEvap,-4.74812214854362
2400east4,3,2400,east,-0.00504089351451166,TRANS,
2400east4,3,2400,east,-0.00504089351451166,CUE,
2400east4,3,2400,east,-0.00504089351451166,WUE,
2400east3,3,2400,east,0.0157087976154484,NEE,
2400east3,3,2400,east,0.0157087976154484,DayReco,-12.5531504978388
2400east3,3,2400,east,0.0157087976154484,NightReco,-5.92558179474817
2400east3,3,2400,east,0.0157087976154484,SoilResp,1.1707615989411
2400east3,3,2400,east,0.0157087976154484,GPP,
2400east3,3,2400,east,0.0157087976154484,NPP,
2400east3,3,2400,east,0.0157087976154484,ET,
2400east3,3,2400,east,0.0157087976154484,DayEvap,-12.5531504978388
2400east3,3,2400,east,0.0157087976154484,NightEvap,-5.92558179474817
2400east3,3,2400,east,0.0157087976154484,TRANS,
2400east3,3,2400,east,0.0157087976154484,CUE,
2400east3,3,2400,east,0.0157087976154484,WUE,
2400east2,3,2400,east,0.0211319051761628,NEE,
2400east2,3,2400,east,0.0211319051761628,DayReco,-16.6607416823144
2400east2,3,2400,east,0.0211319051761628,NightReco,-5.87764114011829
2400east2,3,2400,east,0.0211319051761628,SoilResp,1.2474884972141
2400east2,3,2400,east,0.0211319051761628,GPP,
2400east2,3,2400,east,0.0211319051761628,NPP,
2400east2,3,2400,east,0.0211319051761628,ET,
2400east2,3,2400,east,0.0211319051761628,DayEvap,-16.6607416823144
2400east2,3,2400,east,0.0211319051761628,NightEvap,-5.87764114011829
2400east2,3,2400,east,0.0211319051761628,TRANS,
2400east2,3,2400,east,0.0211319051761628,CUE,
2400east2,3,2400,east,0.0211319051761628,WUE,
2400east1,3,2400,east,0.0240390095265845,NEE,13.3638332319864
2400east1,3,2400,east,0.0240390095265845,DayReco,-14.2597257711279
2400east1,3,2400,east,0.0240390095265845,NightReco,-4.1335532833236
2400east1,3,2400,east,0.0240390095265845,SoilResp,1.46334990070644
2400east1,3,2400,east,0.0240390095265845,GPP,27.6235590031144
2400east1,3,2400,east,0.0240390095265845,NPP,26.1602091024079
2400east1,3,2400,east,0.0240390095265845,ET,13.3638332319864
2400east1,3,2400,east,0.0240390095265845,DayEvap,-14.2597257711279
2400east1,3,2400,east,0.0240390095265845,NightEvap,-4.1335532833236
2400east1,3,2400,east,0.0240390095265845,TRANS,27.6235590031144
2400east1,3,2400,east,0.0240390095265845,CUE,0.947025294584907
2400east1,3,2400,east,0.0240390095265845,WUE,0.947025294584907
2200west5,2,2200,west,-0.00697824925311051,NEE,5.5381544695921
2200west5,2,2200,west,-0.00697824925311051,DayReco,-6.97072185540896
2200west5,2,2200,west,-0.00697824925311051,NightReco,
2200west5,2,2200,west,-0.00697824925311051,SoilResp,1.44579652268656
2200west5,2,2200,west,-0.00697824925311051,GPP,12.5088763250011
2200west5,2,2200,west,-0.00697824925311051,NPP,11.0630798023145
2200west5,2,2200,west,-0.00697824925311051,ET,5.5381544695921
2200west5,2,2200,west,-0.00697824925311051,DayEvap,-6.97072185540896
2200west5,2,2200,west,-0.00697824925311051,NightEvap,
2200west5,2,2200,west,-0.00697824925311051,TRANS,12.5088763250011
2200west5,2,2200,west,-0.00697824925311051,CUE,0.884418353405822
2200west5,2,2200,west,-0.00697824925311051,WUE,0.884418353405822
2200west4,2,2200,west,-0.00115728633461254,NEE,8.1831684142312
2200west4,2,2200,west,-0.00115728633461254,DayReco,-4.90844444709693
2200west4,2,2200,west,-0.00115728633461254,NightReco,
2200west4,2,2200,west,-0.00115728633461254,SoilResp,0.797750274075575
2200west4,2,2200,west,-0.00115728633461254,GPP,13.0916128613281
2200west4,2,2200,west,-0.00115728633461254,NPP,12.2938625872526
2200west4,2,2200,west,-0.00115728633461254,ET,8.1831684142312
2200west4,2,2200,west,-0.00115728633461254,DayEvap,-4.90844444709693
2200west4,2,2200,west,-0.00115728633461254,NightEvap,
2200west4,2,2200,west,-0.00115728633461254,TRANS,13.0916128613281
2200west4,2,2200,west,-0.00115728633461254,CUE,0.93906401888555
2200west4,2,2200,west,-0.00115728633461254,WUE,0.93906401888555
2200west3,2,2200,west,-0.00370362794430889,NEE,6.25528693539364
2200west3,2,2200,west,-0.00370362794430889,DayReco,-12.3209605684093
2200west3,2,2200,west,-0.00370362794430889,NightReco,-5.27872514796294
2200west3,2,2200,west,-0.00370362794430889,SoilResp,0.771407418328568
2200west3,2,2200,west,-0.00370362794430889,GPP,18.576247503803
2200west3,2,2200,west,-0.00370362794430889,NPP,17.8048400854744
2200west3,2,2200,west,-0.00370362794430889,ET,6.25528693539364
2200west3,2,2200,west,-0.00370362794430889,DayEvap,-12.3209605684093
2200west3,2,2200,west,-0.00370362794430889,NightEvap,-5.27872514796294
2200west3,2,2200,west,-0.00370362794430889,TRANS,18.576247503803
2200west3,2,2200,west,-0.00370362794430889,CUE,0.958473452823524
2200west3,2,2200,west,-0.00370362794430889,WUE,0.958473452823524
2200west2,2,2200,west,-0.00667911813782864,NEE,5.04258967703463
2200west2,2,2200,west,-0.00667911813782864,DayReco,-6.99612328329932
2200west2,2,2200,west,-0.00667911813782864,NightReco,-5.95946946862686
2200west2,2,2200,west,-0.00667911813782864,SoilResp,0.946056610402979
2200west2,2,2200,west,-0.00667911813782864,GPP,12.038712960334
2200west2,2,2200,west,-0.00667911813782864,NPP,11.092656349931
2200west2,2,2200,west,-0.00667911813782864,ET,5.04258967703463
2200west2,2,2200,west,-0.00667911813782864,DayEvap,-6.99612328329932
2200west2,2,2200,west,-0.00667911813782864,NightEvap,-5.95946946862686
2200west2,2,2200,west,-0.00667911813782864,TRANS,12.038712960334
2200west2,2,2200,west,-0.00667911813782864,CUE,0.921415469118658
2200west2,2,2200,west,-0.00667911813782864,WUE,0.921415469118658
2200west1,2,2200,west,0.00146529165649727,NEE,6.48904413081078
2200west1,2,2200,west,0.00146529165649727,DayReco,-2.6258540335748
2200west1,2,2200,west,0.00146529165649727,NightReco,
2200west1,2,2200,west,0.00146529165649727,SoilResp,1.21328616299734
2200west1,2,2200,west,0.00146529165649727,GPP,9.11489816438558
2200west1,2,2200,west,0.00146529165649727,NPP,7.90161200138824
2200west1,2,2200,west,0.00146529165649727,ET,6.48904413081078
2200west1,2,2200,west,0.00146529165649727,DayEvap,-2.6258540335748
2200west1,2,2200,west,0.00146529165649727,NightEvap,
2200west1,2,2200,west,0.00146529165649727,TRANS,9.11489816438558
2200west1,2,2200,west,0.00146529165649727,CUE,0.866889773081834
2200west1,2,2200,west,0.00146529165649727,WUE,0.866889773081834
2200east5,2,2200,east,-0.0215559625994741,NEE,18.5430850823677
2200east5,2,2200,east,-0.0215559625994741,DayReco,
2200east5,2,2200,east,-0.0215559625994741,NightReco,-2.63093905034916
2200east5,2,2200,east,-0.0215559625994741,SoilResp,1.5385719826595
2200east5,2,2200,east,-0.0215559625994741,GPP,
2200east5,2,2200,east,-0.0215559625994741,NPP,
2200east5,2,2200,east,-0.0215559625994741,ET,18.5430850823677
2200east5,2,2200,east,-0.0215559625994741,DayEvap,
2200east5,2,2200,east,-0.0215559625994741,NightEvap,-2.63093905034916
2200east5,2,2200,east,-0.0215559625994741,TRANS,
2200east5,2,2200,east,-0.0215559625994741,CUE,
2200east5,2,2200,east,-0.0215559625994741,WUE,
2200east4,2,2200,east,-0.0138935769728724,NEE,7.23692358623714
2200east4,2,2200,east,-0.0138935769728724,DayReco,-7.85420373070302
2200east4,2,2200,east,-0.0138935769728724,NightReco,
2200east4,2,2200,east,-0.0138935769728724,SoilResp,1.55249112883402
2200east4,2,2200,east,-0.0138935769728724,GPP,15.0911273169402
2200east4,2,2200,east,-0.0138935769728724,NPP,13.5386361881061
2200east4,2,2200,east,-0.0138935769728724,ET,7.23692358623714
2200east4,2,2200,east,-0.0138935769728724,DayEvap,-7.85420373070302
2200east4,2,2200,east,-0.0138935769728724,NightEvap,
2200east4,2,2200,east,-0.0138935769728724,TRANS,15.0911273169402
2200east4,2,2200,east,-0.0138935769728724,CUE,0.897125569466815
2200east4,2,2200,east,-0.0138935769728724,WUE,0.897125569466815
2200east3,2,2200,east,-0.00869161551965654,NEE,15.0002106873847
2200east3,2,2200,east,-0.00869161551965654,DayReco,-10.4877693332625
2200east3,2,2200,east,-0.00869161551965654,NightReco,-2.98482651414284
2200east3,2,2200,east,-0.00869161551965654,SoilResp,1.16331317673617
2200east3,2,2200,east,-0.00869161551965654,GPP,25.4879800206472
2200east3,2,2200,east,-0.00869161551965654,NPP,24.324666843911
2200east3,2,2200,east,-0.00869161551965654,ET,15.0002106873847
2200east3,2,2200,east,-0.00869161551965654,DayEvap,-10.4877693332625
2200east3,2,2200,east,-0.00869161551965654,NightEvap,-2.98482651414284
2200east3,2,2200,east,-0.00869161551965654,TRANS,25.4879800206472
2200east3,2,2200,east,-0.00869161551965654,CUE,0.954358361243465
2200east3,2,2200,east,-0.00869161551965654,WUE,0.954358361243465
2200east2,2,2200,east,-0.00157332169917725,NEE,13.6628343909871
2200east2,2,2200,east,-0.00157332169917725,DayReco,-10.2758500216553
2200east2,2,2200,east,-0.00157332169917725,NightReco,2.43020909664483
2200east2,2,2200,east,-0.00157332169917725,SoilResp,1.58224573061639
2200east2,2,2200,east,-0.00157332169917725,GPP,23.9386844126424
2200east2,2,2200,east,-0.00157332169917725,NPP,22.356438682026
2200east2,2,2200,east,-0.00157332169917725,ET,13.6628343909871
2200east2,2,2200,east,-0.00157332169917725,DayEvap,-10.2758500216553
2200east2,2,2200,east,-0.00157332169917725,NightEvap,2.43020909664483
2200east2,2,2200,east,-0.00157332169917725,TRANS,23.9386844126424
2200east2,2,2200,east,-0.00157332169917725,CUE,0.933904232022843
2200east2,2,2200,east,-0.00157332169917725,WUE,0.933904232022843
2200east1,2,2200,east,-0.00210573343420414,NEE,9.57391930428558
2200east1,2,2200,east,-0.00210573343420414,DayReco,-9.07021353701853
2200east1,2,2200,east,-0.00210573343420414,NightReco,0.82412958100084
2200east1,2,2200,east,-0.00210573343420414,SoilResp,1.22202109020394
2200east1,2,2200,east,-0.00210573343420414,GPP,18.6441328413041
2200east1,2,2200,east,-0.00210573343420414,NPP,17.4221117511002
2200east1,2,2200,east,-0.00210573343420414,ET,9.57391930428558
2200east1,2,2200,east,-0.00210573343420414,DayEvap,-9.07021353701853
2200east1,2,2200,east,-0.00210573343420414,NightEvap,0.82412958100084
2200east1,2,2200,east,-0.00210573343420414,TRANS,18.6441328413041
2200east1,2,2200,east,-0.00210573343420414,CUE,0.934455461103738
2200east1,2,2200,east,-0.00210573343420414,WUE,0.934455461103738
2000west5,1,2000,west,-0.000727708692630555,NEE,4.33382198544409
2000west5,1,2000,west,-0.000727708692630555,DayReco,-4.50534763400896
2000west5,1,2000,west,-0.000727708692630555,NightReco,-3.23686960889167
2000west5,1,2000,west,-0.000727708692630555,SoilResp,1.05733214509475
2000west5,1,2000,west,-0.000727708692630555,GPP,8.83916961945305
2000west5,1,2000,west,-0.000727708692630555,NPP,7.7818374743583
2000west5,1,2000,west,-0.000727708692630555,ET,4.33382198544409
2000west5,1,2000,west,-0.000727708692630555,DayEvap,-4.50534763400896
2000west5,1,2000,west,-0.000727708692630555,NightEvap,-3.23686960889167
2000west5,1,2000,west,-0.000727708692630555,TRANS,8.83916961945305
2000west5,1,2000,west,-0.000727708692630555,CUE,0.88038105493894
2000west5,1,2000,west,-0.000727708692630555,WUE,0.88038105493894
2000west4,1,2000,west,-0.00998097984422764,NEE,0.576934028820932
2000west4,1,2000,west,-0.00998097984422764,DayReco,-4.71614799520929
2000west4,1,2000,west,-0.00998097984422764,NightReco,-10.2823399840452
2000west4,1,2000,west,-0.00998097984422764,SoilResp,1.1097788138754
2000west4,1,2000,west,-0.00998097984422764,GPP,5.29308202403022
2000west4,1,2000,west,-0.00998097984422764,NPP,4.18330321015482
2000west4,1,2000,west,-0.00998097984422764,ET,0.576934028820932
2000west4,1,2000,west,-0.00998097984422764,DayEvap,-4.71614799520929
2000west4,1,2000,west,-0.00998097984422764,NightEvap,-10.2823399840452
2000west4,1,2000,west,-0.00998097984422764,TRANS,5.29308202403022
2000west4,1,2000,west,-0.00998097984422764,CUE,0.790334098576769
2000west4,1,2000,west,-0.00998097984422764,WUE,0.790334098576769
2000west3,1,2000,west,-0.00815939846561269,NEE,-2.22623256239379
2000west3,1,2000,west,-0.00815939846561269,DayReco,-5.47748488253059
2000west3,1,2000,west,-0.00815939846561269,NightReco,-5.13600710859918
2000west3,1,2000,west,-0.00815939846561269,SoilResp,1.18130822447782
2000west3,1,2000,west,-0.00815939846561269,GPP,3.2512523201368
2000west3,1,2000,west,-0.00815939846561269,NPP,2.06994409565898
2000west3,1,2000,west,-0.00815939846561269,ET,-2.22623256239379
2000west3,1,2000,west,-0.00815939846561269,DayEvap,-5.47748488253059
2000west3,1,2000,west,-0.00815939846561269,NightEvap,-5.13600710859918
2000west3,1,2000,west,-0.00815939846561269,TRANS,3.2512523201368
2000west3,1,2000,west,-0.00815939846561269,CUE,0.636660551639957
2000west3,1,2000,west,-0.00815939846561269,WUE,0.636660551639957
2000west2,1,2000,west,-0.00340458812211326,NEE,-3.94924688854631
2000west2,1,2000,west,-0.00340458812211326,DayReco,-4.20553413693918
2000west2,1,2000,west,-0.00340458812211326,NightReco,-6.40116056295218
2000west2,1,2000,west,-0.00340458812211326,SoilResp,0.656066317062602
2000west2,1,2000,west,-0.00340458812211326,GPP,0.256287248392873
2000west2,1,2000,west,-0.00340458812211326,NPP,-0.399779068669728
2000west2,1,2000,west,-0.00340458812211326,ET,-3.94924688854631
2000west2,1,2000,west,-0.00340458812211326,DayEvap,-4.20553413693918
2000west2,1,2000,west,-0.00340458812211326,NightEvap,-6.40116056295218
2000west2,1,2000,west,-0.00340458812211326,TRANS,0.256287248392873
2000west2,1,2000,west,-0.00340458812211326,CUE,-1.55988669423338
2000west2,1,2000,west,-0.00340458812211326,WUE,-1.55988669423338
2000west1,1,2000,west,0.00381287225794649,NEE,-2.95425566613651
2000west1,1,2000,west,0.00381287225794649,DayReco,-9.24982909840607
2000west1,1,2000,west,0.00381287225794649,NightReco,-3.06371502825319
2000west1,1,2000,west,0.00381287225794649,SoilResp,1.62633022208121
2000west1,1,2000,west,0.00381287225794649,GPP,6.29557343226955
2000west1,1,2000,west,0.00381287225794649,NPP,4.66924321018834
2000west1,1,2000,west,0.00381287225794649,ET,-2.95425566613651
2000west1,1,2000,west,0.00381287225794649,DayEvap,-9.24982909840607
2000west1,1,2000,west,0.00381287225794649,NightEvap,-3.06371502825319
2000west1,1,2000,west,0.00381287225794649,TRANS,6.29557343226955
2000west1,1,2000,west,0.00381287225794649,CUE,0.741670835932904
2000west1,1,2000,west,0.00381287225794649,WUE,0.741670835932904
2000east5,1,2000,east,-0.0046120275059728,NEE,1.36651077843254
2000east5,1,2000,east,-0.0046120275059728,DayReco,-8.19746219658773
2000east5,1,2000,east,-0.0046120275059728,NightReco,-4.25070500149897
2000east5,1,2000,east,-0.0046120275059728,SoilResp,0.361361208348053
2000east5,1,2000,east,-0.0046120275059728,GPP,9.56397297502027
2000east5,1,2000,east,-0.0046120275059728,NPP,9.20261176667222
2000east5,1,2000,east,-0.0046120275059728,ET,1.36651077843254
2000east5,1,2000,east,-0.0046120275059728,DayEvap,-8.19746219658773
2000east5,1,2000,east,-0.0046120275059728,NightEvap,-4.25070500149897
2000east5,1,2000,east,-0.0046120275059728,TRANS,9.56397297502027
2000east5,1,2000,east,-0.0046120275059728,CUE,0.962216412646515
2000east5,1,2000,east,-0.0046120275059728,WUE,0.962216412646515
2000east4,1,2000,east,-0.00246344824935802,NEE,3.84015502345751
2000east4,1,2000,east,-0.00246344824935802,DayReco,-9.89573399578711
2000east4,1,2000,east,-0.00246344824935802,NightReco,-4.86095695854907
2000east4,1,2000,east,-0.00246344824935802,SoilResp,0.374717697942894
2000east4,1,2000,east,-0.00246344824935802,GPP,13.7358890192446
2000east4,1,2000,east,-0.00246344824935802,NPP,13.3611713213017
2000east4,1,2000,east,-0.00246344824935802,ET,3.84015502345751
2000east4,1,2000,east,-0.00246344824935802,DayEvap,-9.89573399578711
2000east4,1,2000,east,-0.00246344824935802,NightEvap,-4.86095695854907
2000east4,1,2000,east,-0.00246344824935802,TRANS,13.7358890192446
2000east4,1,2000,east,-0.00246344824935802,CUE,0.972719807402499
2000east4,1,2000,east,-0.00246344824935802,WUE,0.972719807402499
2000east3,1,2000,east,-0.00617934189858053,NEE,
2000east3,1,2000,east,-0.00617934189858053,DayReco,-6.08018196553711
2000east3,1,2000,east,-0.00617934189858053,NightReco,-6.8814765055022
2000east3,1,2000,east,-0.00617934189858053,SoilResp,0.706402200933725
2000east3,1,2000,east,-0.00617934189858053,GPP,
2000east3,1,2000,east,-0.00617934189858053,NPP,
2000east3,1,2000,east,-0.00617934189858053,ET,
2000east3,1,2000,east,-0.00617934189858053,DayEvap,-6.08018196553711
2000east3,1,2000,east,-0.00617934189858053,NightEvap,-6.8814765055022
2000east3,1,2000,east,-0.00617934189858053,TRANS,
2000east3,1,2000,east,-0.00617934189858053,CUE,
2000east3,1,2000,east,-0.00617934189858053,WUE,
2000east2,1,2000,east,1.24990001457267e-05,NEE,
2000east2,1,2000,east,1.24990001457267e-05,DayReco,-7.0142988877987
2000east2,1,2000,east,1.24990001457267e-05,NightReco,-4.29034371900048
2000east2,1,2000,east,1.24990001457267e-05,SoilResp,0.667056395093938
2000east2,1,2000,east,1.24990001457267e-05,GPP,
2000east2,1,2000,east,1.24990001457267e-05,NPP,
2000east2,1,2000,east,1.24990001457267e-05,ET,
2000east2,1,2000,east,1.24990001457267e-05,DayEvap,-7.0142988877987
2000east2,1,2000,east,1.24990001457267e-05,NightEvap,-4.29034371900048
2000east2,1,2000,east,1.24990001457267e-05,TRANS,
2000east2,1,2000,east,1.24990001457267e-05,CUE,
2000east2,1,2000,east,1.24990001457267e-05,WUE,
2000east1,1,2000,east,-0.00520928607793671,NEE,3.01442630888384
2000east1,1,2000,east,-0.00520928607793671,DayReco,-13.8166747903674
2000east1,1,2000,east,-0.00520928607793671,NightReco,
2000east1,1,2000,east,-0.00520928607793671,SoilResp,0.793559573930786
2000east1,1,2000,east,-0.00520928607793671,GPP,16.8311010992512
2000east1,1,2000,east,-0.00520928607793671,NPP,16.0375415253204
2000east1,1,2000,east,-0.00520928607793671,ET,3.01442630888384
2000east1,1,2000,east,-0.00520928607793671,DayEvap,-13.8166747903674
2000east1,1,2000,east,-0.00520928607793671,NightEvap,
2000east1,1,2000,east,-0.00520928607793671,TRANS,16.8311010992512
2000east1,1,2000,east,-0.00520928607793671,CUE,0.952851594839146
2000east1,1,2000,east,-0.00520928607793671,WUE,0.952851594839146
